wellbore_uwi,formatted_uwi,date,oil_volume (m3),gas_volume (e3m3),water_volume (m3),injection_volume (m3),daily_oil_volume (m3/day),daily_gas_volume (e3m3/day),daily_water_volume (m3/day),daily_water_injection_volume (m3/day),production_hours,injection_hours,oil_producing_daily_avg (m3/day),gas_producing_daily_avg (e3m3/day),water_producing_daily_avg (m3/day),injection_producing_daily_avg (m3/day),steam_injection_volume (m3),daily_steam_injection_volume (m3/day),steam_injection_producing_daily_avg (m3/day),producing_formation
100010105720W500,100/01-01-057-20W5/00,2022-03-01,0,3.6,0,0,0,0.12,0,0,10,0,0,8.64,0,0,0,0,0,Cardium
100010105720W500,100/01-01-057-20W5/00,2022-04-01,0,1.4,0,0,0,0.05,0,0,3,0,0,11.2,0,0,0,0,0,Cardium
100010105720W500,100/01-01-057-20W5/00,2022-05-01,1.8,2.6,0.3,0,0.06,0.08,0.01,0,5,0,8.64,12.48,1.44,0,0,0,0,Cardium
100010105720W500,100/01-01-057-20W5/00,2022-06-01,1.2,1.9,0.2,0,0.04,0.06,0.01,0,8,0,3.6,5.7,0.6,0,0,0,0,Cardium
100010105720W500,100/01-01-057-20W5/00,2022-07-01,0,2.2,0,0,0,0.07,0,0,5,0,0,10.56,0,0,0,0,0,Cardium
100010105720W500,100/01-01-057-20W5/00,2022-08-01,2.3,2,0.4,0,0.07,0.06,0.01,0,4,0,13.8,12,2.4,0,0,0,0,Cardium
100010105720W500,100/01-01-057-20W5/00,2022-09-01,0,0.6,0,0,0,0.02,0,0,3,0,0,4.8,0,0,0,0,0,Cardium
100010105720W500,100/01-01-057-20W5/00,2022-10-01,0,1.8,0,0,0,0.06,0,0,4,0,0,10.8,0,0,0,0,0,Cardium
100010105720W500,100/01-01-057-20W5/00,2022-11-01,0.1,0.7,0,0,0,0.02,0,0,2,0,1.2,8.4,0,0,0,0,0,Cardium
100010205720W500,100/01-02-057-20W5/00,2022-01-01,0,5.1,0,0,0,0.16,0,0,19,0,0,6.44,0,0,0,0,0,Cardium
100010205720W500,100/01-02-057-20W5/00,2022-02-01,9.9,26.2,0.3,0,0.35,0.94,0.01,0,78,0,3.05,8.06,0.09,0,0,0,0,Cardium
100010205720W500,100/01-02-057-20W5/00,2022-03-01,0,27.2,0,0,0,0.88,0,0,68,0,0,9.6,0,0,0,0,0,Cardium
100010205720W500,100/01-02-057-20W5/00,2022-04-01,16.3,28.7,0.6,0,0.54,0.96,0.02,0,81,0,4.83,8.5,0.18,0,0,0,0,Cardium
100010205720W500,100/01-02-057-20W5/00,2022-05-01,0,29.2,0,0,0,0.94,0,0,79,0,0,8.87,0,0,0,0,0,Cardium
100010205720W500,100/01-02-057-20W5/00,2022-06-01,16.7,26,0.1,0,0.56,0.87,0,0,63,0,6.36,9.9,0.04,0,0,0,0,Cardium
100010205720W500,100/01-02-057-20W5/00,2022-07-01,0,25.5,0,0,0,0.82,0,0,63,0,0,9.71,0,0,0,0,0,Cardium
100010205720W500,100/01-02-057-20W5/00,2022-08-01,11.5,25.5,0.4,0,0.37,0.82,0.01,0,50,0,5.52,12.24,0.19,0,0,0,0,Cardium
100010205720W500,100/01-02-057-20W5/00,2022-09-01,4.5,21.3,0.2,0,0.15,0.71,0.01,0,23,0,4.7,22.23,0.21,0,0,0,0,Cardium
100010205720W500,100/01-02-057-20W5/00,2022-10-01,6.2,25.2,0.2,0,0.2,0.81,0.01,0,43,0,3.46,14.07,0.11,0,0,0,0,Cardium
100010205720W500,100/01-02-057-20W5/00,2022-11-01,7.3,24.2,0.5,0,0.24,0.81,0.02,0,47,0,3.73,12.36,0.26,0,0,0,0,Cardium
100010205720W500,100/01-02-057-20W5/00,2022-12-01,4.3,18.8,0.2,0,0.14,0.61,0.01,0,15,0,6.88,30.08,0.32,0,0,0,0,Cardium
100010205720W500,100/01-02-057-20W5/00,2023-01-01,6.7,23.4,0.2,0,0.22,0.75,0.01,0,24,0,6.7,23.4,0.2,0,0,0,0,Cardium
100010205720W500,100/01-02-057-20W5/00,2023-02-01,4.8,18.9,0.2,0,0.17,0.68,0.01,0,23,0,5.01,19.72,0.21,0,0,0,0,Cardium
100010205720W500,100/01-02-057-20W5/00,2023-03-01,7.3,19.2,0,0,0.24,0.62,0,0,13,0,13.48,35.45,0,0,0,0,0,Cardium
100010205720W500,100/01-02-057-20W5/00,2023-04-01,3.7,17.5,0,0,0.12,0.58,0,0,12,0,7.4,35,0,0,0,0,0,Cardium
100010205720W500,100/01-02-057-20W5/00,2023-05-01,3.6,15,0.1,0,0.12,0.48,0,0,672,0,0.13,0.54,0,0,0,0,0,Cardium
100010205720W500,100/01-02-057-20W5/00,2023-06-01,1.6,6.7,0.1,0,0.05,0.22,0,0,360,0,0.11,0.45,0.01,0,0,0,0,Cardium
100010205720W500,100/01-02-057-20W5/00,2023-07-01,0.8,8.5,0,0,0.03,0.27,0,0,360,0,0.05,0.57,0,0,0,0,0,Cardium
100010205922W500,100/01-02-059-22W5/00,2022-01-01,0,65.4,0,0,0,2.11,0,0,386,0,0,4.07,0,0,0,0,0,Cardium
100010205922W500,100/01-02-059-22W5/00,2022-02-01,9.6,55.9,0.9,0,0.34,2,0.03,0,672,0,0.34,2,0.03,0,0,0,0,Cardium
100010205922W500,100/01-02-059-22W5/00,2022-03-01,0,26.3,0,0,0,0.85,0,0,672,0,0,0.94,0,0,0,0,0,Cardium
100010205922W500,100/01-02-059-22W5/00,2022-04-01,9.9,53.3,1,0,0.33,1.78,0.03,0,299,0,0.79,4.28,0.08,0,0,0,0,Cardium
100010205922W500,100/01-02-059-22W5/00,2022-05-01,0,52.3,0,0,0,1.69,0,0,439,0,0,2.86,0,0,0,0,0,Cardium
100010205922W500,100/01-02-059-22W5/00,2022-06-01,21.5,30.4,2.1,0,0.72,1.01,0.07,0,297,0,1.74,2.46,0.17,0,0,0,0,Cardium
100010205922W500,100/01-02-059-22W5/00,2022-07-01,0,12.5,0,0,0,0.4,0,0,157,0,0,1.91,0,0,0,0,0,Cardium
100010205922W500,100/01-02-059-22W5/00,2022-08-01,0,5.2,0,0,0,0.17,0,0,73,0,0,1.71,0,0,0,0,0,Cardium
100010205922W500,100/01-02-059-22W5/00,2022-09-01,0,4,0,0,0,0.13,0,0,54,0,0,1.78,0,0,0,0,0,Cardium
100010205922W500,100/01-02-059-22W5/00,2022-10-01,0,1.3,0,0,0,0.04,0,0,17,0,0,1.84,0,0,0,0,0,Cardium
100010205922W500,100/01-02-059-22W5/00,2023-06-01,21.6,0,0,0,0.72,0,0,0,24,0,21.6,0,0,0,0,0,0,Cardium
100010205922W500,100/01-02-059-22W5/00,2023-09-01,19.3,0.1,0,0,0.64,0,0,0,24,0,19.3,0.1,0,0,0,0,0,Cardium
100010806021W500,100/01-08-060-21W5/00,2022-01-01,0,70.5,0,0,0,2.27,0,0,154,0,0,10.99,0,0,0,0,0,"Spirit River, Gething"
100010806021W500,100/01-08-060-21W5/00,2022-02-01,0,111.9,7.5,0,0,4,0.27,0,238,0,0,11.28,0.76,0,0,0,0,"Spirit River, Gething"
100010806021W500,100/01-08-060-21W5/00,2022-03-01,0,145,0,0,0,4.68,0,0,325,0,0,10.71,0,0,0,0,0,"Spirit River, Gething"
100010806021W500,100/01-08-060-21W5/00,2022-04-01,0,138.1,4.3,0,0,4.6,0.14,0,242,0,0,13.7,0.43,0,0,0,0,"Spirit River, Gething"
100010806021W500,100/01-08-060-21W5/00,2022-05-01,0,145.2,7.5,0,0,4.68,0.24,0,315,0,0,11.06,0.57,0,0,0,0,"Spirit River, Gething"
100010806021W500,100/01-08-060-21W5/00,2022-06-01,0,134.1,0,0,0,4.47,0,0,348,0,0,9.25,0,0,0,0,0,"Spirit River, Gething"
100010806021W500,100/01-08-060-21W5/00,2022-07-01,0,137.7,7.5,0,0,4.44,0.24,0,356,0,0,9.28,0.51,0,0,0,0,"Spirit River, Gething"
100010806021W500,100/01-08-060-21W5/00,2022-08-01,0,136.1,0,0,0,4.39,0,0,268,0,0,12.19,0,0,0,0,0,"Spirit River, Gething"
100010806021W500,100/01-08-060-21W5/00,2022-09-01,0,130,8,0,0,4.33,0.27,0,352,0,0,8.86,0.55,0,0,0,0,"Spirit River, Gething"
100010806021W500,100/01-08-060-21W5/00,2022-10-01,0,124.9,0,0,0,4.03,0,0,274,0,0,10.94,0,0,0,0,0,"Spirit River, Gething"
100010806021W500,100/01-08-060-21W5/00,2022-11-01,0,71.6,0,0,0,2.39,0,0,113,0,0,15.21,0,0,0,0,0,"Spirit River, Gething"
100010806021W500,100/01-08-060-21W5/00,2022-12-01,0,51.1,0,0,0,1.65,0,0,60,0,0,20.44,0,0,0,0,0,"Spirit River, Gething"
100010806021W500,100/01-08-060-21W5/00,2023-01-01,0,101,5.7,0,0,3.26,0.18,0,113,0,0,21.45,1.21,0,0,0,0,"Spirit River, Gething"
100010806021W500,100/01-08-060-21W5/00,2023-02-01,0,64.9,0,0,0,2.32,0,0,129,0,0,12.07,0,0,0,0,0,"Spirit River, Gething"
100010806021W500,100/01-08-060-21W5/00,2023-03-01,0,66.7,6.5,0,0,2.15,0.21,0,129,0,0,12.41,1.21,0,0,0,0,"Spirit River, Gething"
100010806021W500,100/01-08-060-21W5/00,2023-04-01,0,88.4,0,0,0,2.95,0,0,129,0,0,16.45,0,0,0,0,0,"Spirit River, Gething"
100010806021W500,100/01-08-060-21W5/00,2023-05-01,0,93.1,0,0,0,3,0,0,552,0,0,4.05,0,0,0,0,0,"Spirit River, Gething"
100010806021W500,100/01-08-060-21W5/00,2023-06-01,0,104.9,11.7,0,0,3.5,0.39,0,720,0,0,3.5,0.39,0,0,0,0,"Spirit River, Gething"
100010806021W500,100/01-08-060-21W5/00,2023-07-01,0,100.7,0,0,0,3.25,0,0,744,0,0,3.25,0,0,0,0,0,"Spirit River, Gething"
100010806021W500,100/01-08-060-21W5/00,2023-08-01,0,109.8,0,0,0,3.54,0,0,744,0,0,3.54,0,0,0,0,0,"Spirit River, Gething"
100011105720W503,100/01-11-057-20W5/03,2022-01-01,0,14.7,0,0,0,0.47,0,0,17,0,0,20.75,0,0,0,0,0,"Second White Specks, Mannville"
100011105720W503,100/01-11-057-20W5/03,2022-02-01,9.6,35.8,0.5,0,0.34,1.28,0.02,0,60,0,3.84,14.32,0.2,0,0,0,0,"Second White Specks, Mannville"
100011105720W503,100/01-11-057-20W5/03,2022-03-01,0,35.3,0,0,0,1.14,0,0,47,0,0,18.03,0,0,0,0,0,"Second White Specks, Mannville"
100011105720W503,100/01-11-057-20W5/03,2022-04-01,15,42.1,1.1,0,0.5,1.4,0.04,0,90,0,4,11.23,0.29,0,0,0,0,"Second White Specks, Mannville"
100011105720W503,100/01-11-057-20W5/03,2022-05-01,18.4,55.8,1.4,0,0.59,1.8,0.05,0,149,0,2.96,8.99,0.23,0,0,0,0,"Second White Specks, Mannville"
100011105720W503,100/01-11-057-20W5/03,2022-06-01,13,36.7,1.1,0,0.43,1.22,0.04,0,111,0,2.81,7.94,0.24,0,0,0,0,"Second White Specks, Mannville"
100011105720W503,100/01-11-057-20W5/03,2022-07-01,12.5,48.7,0.9,0,0.4,1.57,0.03,0,133,0,2.26,8.79,0.16,0,0,0,0,"Second White Specks, Mannville"
100011105720W503,100/01-11-057-20W5/03,2022-08-01,11.2,34.7,0,0,0.36,1.12,0,0,105,0,2.56,7.93,0,0,0,0,0,"Second White Specks, Mannville"
100011105720W503,100/01-11-057-20W5/03,2022-09-01,10.8,35.5,0.3,0,0.36,1.18,0.01,0,67,0,3.87,12.72,0.11,0,0,0,0,"Second White Specks, Mannville"
100011105720W503,100/01-11-057-20W5/03,2022-10-01,6.7,31.4,0.4,0,0.22,1.01,0.01,0,68,0,2.36,11.08,0.14,0,0,0,0,"Second White Specks, Mannville"
100011105720W503,100/01-11-057-20W5/03,2022-11-01,5.8,27,0,0,0.19,0.9,0,0,44,0,3.16,14.73,0,0,0,0,0,"Second White Specks, Mannville"
100011105720W503,100/01-11-057-20W5/03,2022-12-01,4.5,21.7,0.7,0,0.15,0.7,0.02,0,54,0,2,9.64,0.31,0,0,0,0,"Second White Specks, Mannville"
100011105720W503,100/01-11-057-20W5/03,2023-01-01,12.4,32.7,0,0,0.4,1.05,0,0,744,0,0.4,1.05,0,0,0,0,0,"Second White Specks, Mannville"
100011105720W503,100/01-11-057-20W5/03,2023-02-01,1,9,0,0,0.04,0.32,0,0,58,0,0.41,3.72,0,0,0,0,0,"Second White Specks, Mannville"
100011105720W503,100/01-11-057-20W5/03,2023-03-01,10.2,39.5,0,0,0.33,1.27,0,0,141,0,1.74,6.72,0,0,0,0,0,"Second White Specks, Mannville"
100011105720W503,100/01-11-057-20W5/03,2023-04-01,12.8,36.6,0.6,0,0.43,1.22,0.02,0,67,0,4.59,13.11,0.21,0,0,0,0,"Second White Specks, Mannville"
100011105720W503,100/01-11-057-20W5/03,2023-05-01,6.9,27.8,0.5,0,0.22,0.9,0.02,0,384,0,0.43,1.74,0.03,0,0,0,0,"Second White Specks, Mannville"
100011105720W503,100/01-11-057-20W5/03,2023-06-01,5.4,16.9,0.4,0,0.18,0.56,0.01,0,336,0,0.39,1.21,0.03,0,0,0,0,"Second White Specks, Mannville"
100011105720W503,100/01-11-057-20W5/03,2023-07-01,5.4,27.8,0,0,0.17,0.9,0,0,336,0,0.39,1.99,0,0,0,0,0,"Second White Specks, Mannville"
100013505419W502,100/01-35-054-19W5/02,2022-01-01,0,121.2,0,0,0,3.91,0,0,559,0,0,5.2,0,0,0,0,0,Cardium
100013505419W502,100/01-35-054-19W5/02,2022-02-01,0,115.4,0,0,0,4.12,0,0,355,0,0,7.8,0,0,0,0,0,Cardium
100013505419W502,100/01-35-054-19W5/02,2022-03-01,0,142.3,0,0,0,4.59,0,0,558,0,0,6.12,0,0,0,0,0,Cardium
100013505419W502,100/01-35-054-19W5/02,2022-04-01,0,121.6,0,0,0,4.05,0,0,541,0,0,5.39,0,0,0,0,0,Cardium
100013505419W502,100/01-35-054-19W5/02,2022-05-01,0,128.1,0,0,0,4.13,0,0,559,0,0,5.5,0,0,0,0,0,Cardium
100013505419W502,100/01-35-054-19W5/02,2022-06-01,0,133.3,0,0,0,4.44,0,0,521,0,0,6.14,0,0,0,0,0,Cardium
100013505419W502,100/01-35-054-19W5/02,2022-07-01,0,35.5,0,0,0,1.15,0,0,126,0,0,6.76,0,0,0,0,0,Cardium
100013505419W502,100/01-35-054-19W5/02,2022-08-01,0,146.6,0,0,0,4.73,0,0,557,0,0,6.32,0,0,0,0,0,Cardium
100013505419W502,100/01-35-054-19W5/02,2022-09-01,0,48.4,0,0,0,1.61,0,0,181,0,0,6.42,0,0,0,0,0,Cardium
100013505419W502,100/01-35-054-19W5/02,2022-10-01,0,100.3,0,0,0,3.24,0,0,574,0,0,4.19,0,0,0,0,0,Cardium
100013505419W502,100/01-35-054-19W5/02,2022-11-01,0,111.8,0,0,0,3.73,0,0,531,0,0,5.05,0,0,0,0,0,Cardium
100013505419W502,100/01-35-054-19W5/02,2022-12-01,0,101.4,0,0,0,3.27,0,0,552,0,0,4.41,0,0,0,0,0,Cardium
100013505419W502,100/01-35-054-19W5/02,2023-01-01,0,107,0,0,0,3.45,0,0,503,0,0,5.11,0,0,0,0,0,Cardium
100013505419W502,100/01-35-054-19W5/02,2023-02-01,0,89.7,0,0,0,3.2,0,0,462,0,0,4.66,0,0,0,0,0,Cardium
100013505419W502,100/01-35-054-19W5/02,2023-03-01,0,49.9,0,0,0,1.61,0,0,194,0,0,6.17,0,0,0,0,0,Cardium
100013505419W502,100/01-35-054-19W5/02,2023-04-01,0,114.5,0,0,0,3.82,0,0,537,0,0,5.12,0,0,0,0,0,Cardium
100013505419W502,100/01-35-054-19W5/02,2023-05-01,0,103.1,0,0,0,3.33,0,0,672,0,0,3.68,0,0,0,0,0,Cardium
100013505419W502,100/01-35-054-19W5/02,2023-06-01,0,35,0,0,0,1.17,0,0,226,0,0,3.72,0,0,0,0,0,Cardium
100013505419W502,100/01-35-054-19W5/02,2023-07-01,0,104.2,0,0,0,3.36,0,0,217,0,0,11.52,0,0,0,0,0,Cardium
100021705518W500,100/02-17-055-18W5/00,2022-01-01,20.4,40.9,2.5,0,0.66,1.32,0.08,0,720,0,0.68,1.36,0.08,0,0,0,0,Cardium
100021705518W500,100/02-17-055-18W5/00,2022-02-01,14.6,63.5,2.8,0,0.52,2.27,0.1,0,629,0,0.56,2.42,0.11,0,0,0,0,Cardium
100021705518W500,100/02-17-055-18W5/00,2022-03-01,16.6,81.4,1.6,0,0.54,2.63,0.05,0,730,0,0.55,2.68,0.05,0,0,0,0,Cardium
100021705518W500,100/02-17-055-18W5/00,2022-04-01,10.3,69.2,1.3,0,0.34,2.31,0.04,0,720,0,0.34,2.31,0.04,0,0,0,0,Cardium
100021705518W500,100/02-17-055-18W5/00,2022-05-01,3.8,56.6,0.5,0,0.12,1.83,0.02,0,744,0,0.12,1.83,0.02,0,0,0,0,Cardium
100021705518W500,100/02-17-055-18W5/00,2022-06-01,4.1,51.1,0.4,0,0.14,1.7,0.01,0,600,0,0.16,2.04,0.02,0,0,0,0,Cardium
100021705518W500,100/02-17-055-18W5/00,2022-07-01,1.5,27.9,0.9,0,0.05,0.9,0.03,0,631,0,0.06,1.06,0.03,0,0,0,0,Cardium
100021705518W500,100/02-17-055-18W5/00,2022-08-01,0.8,43.2,0.1,0,0.03,1.39,0,0,696,0,0.03,1.49,0,0,0,0,0,Cardium
100021705518W500,100/02-17-055-18W5/00,2022-09-01,7.4,93.8,1.1,0,0.25,3.13,0.04,0,720,0,0.25,3.13,0.04,0,0,0,0,Cardium
100021705518W500,100/02-17-055-18W5/00,2022-10-01,7.2,58.9,1.3,0,0.23,1.9,0.04,0,744,0,0.23,1.9,0.04,0,0,0,0,Cardium
100021705518W500,100/02-17-055-18W5/00,2022-11-01,0.3,30.2,0,0,0.01,1.01,0,0,504,0,0.01,1.44,0,0,0,0,0,Cardium
100021705518W500,100/02-17-055-18W5/00,2022-12-01,0.3,20.2,0.2,0,0.01,0.65,0.01,0,336,0,0.02,1.44,0.01,0,0,0,0,Cardium
100021705518W500,100/02-17-055-18W5/00,2023-01-01,0.7,32.8,3.7,0,0.02,1.06,0.12,0,528,0,0.03,1.49,0.17,0,0,0,0,Cardium
100021705518W500,100/02-17-055-18W5/00,2023-02-01,0.3,45,2,0,0.01,1.61,0.07,0,528,0,0.01,2.05,0.09,0,0,0,0,Cardium
100021705518W500,100/02-17-055-18W5/00,2023-03-01,5.6,72.7,2,0,0.18,2.35,0.06,0,744,0,0.18,2.35,0.06,0,0,0,0,Cardium
100021705518W500,100/02-17-055-18W5/00,2023-04-01,10.1,42.3,0.9,0,0.34,1.41,0.03,0,720,0,0.34,1.41,0.03,0,0,0,0,Cardium
100021705518W500,100/02-17-055-18W5/00,2023-05-01,2.9,22.5,0.2,0,0.09,0.73,0.01,0,600,0,0.12,0.9,0.01,0,0,0,0,Cardium
100021705518W500,100/02-17-055-18W5/00,2023-06-01,3.4,19.2,0,0,0.11,0.64,0,0,216,0,0.38,2.13,0,0,0,0,0,Cardium
100021705518W500,100/02-17-055-18W5/00,2023-07-01,1.2,29.6,0.2,0,0.04,0.95,0.01,0,520,0,0.06,1.37,0.01,0,0,0,0,Cardium
100021705518W500,100/02-17-055-18W5/00,2023-08-01,1,42.1,0.1,0,0.03,1.36,0,0,744,0,0.03,1.36,0,0,0,0,0,Cardium
100021905320W500,100/02-19-053-20W5/00,2022-01-01,0,132.3,15,0,0,4.27,0.48,0,744,0,0,4.27,0.48,0,0,0,0,Cardium
100021905320W500,100/02-19-053-20W5/00,2022-02-01,0,105,16.1,0,0,3.75,0.58,0,672,0,0,3.75,0.58,0,0,0,0,Cardium
100021905320W500,100/02-19-053-20W5/00,2022-03-01,0,105.9,26.5,0,0,3.42,0.85,0,744,0,0,3.42,0.85,0,0,0,0,Cardium
100021905320W500,100/02-19-053-20W5/00,2022-04-01,0,95.7,0.2,0,0,3.19,0.01,0,720,0,0,3.19,0.01,0,0,0,0,Cardium
100021905320W500,100/02-19-053-20W5/00,2022-05-01,0,88.5,3.7,0,0,2.85,0.12,0,744,0,0,2.85,0.12,0,0,0,0,Cardium
100021905320W500,100/02-19-053-20W5/00,2022-06-01,0,90.3,1.5,0,0,3.01,0.05,0,720,0,0,3.01,0.05,0,0,0,0,Cardium
100021905320W500,100/02-19-053-20W5/00,2022-07-01,0,17,0.3,0,0,0.55,0.01,0,192,0,0,2.13,0.04,0,0,0,0,Cardium
100021905320W500,100/02-19-053-20W5/00,2022-08-01,0,6,0.2,0,0,0.19,0.01,0,72,0,0,2,0.07,0,0,0,0,Cardium
100021905320W500,100/02-19-053-20W5/00,2022-09-01,0,98.8,2,0,0,3.29,0.07,0,456,0,0,5.2,0.11,0,0,0,0,Cardium
100021905320W500,100/02-19-053-20W5/00,2022-10-01,0,123,3.9,0,0,3.97,0.13,0,744,0,0,3.97,0.13,0,0,0,0,Cardium
100021905320W500,100/02-19-053-20W5/00,2022-11-01,0,98.2,2.2,0,0,3.27,0.07,0,720,0,0,3.27,0.07,0,0,0,0,Cardium
100021905320W500,100/02-19-053-20W5/00,2022-12-01,0,89.5,2.6,0,0,2.89,0.08,0,696,0,0,3.09,0.09,0,0,0,0,Cardium
100021905320W500,100/02-19-053-20W5/00,2023-01-01,0,91.8,3.4,0,0,2.96,0.11,0,744,0,0,2.96,0.11,0,0,0,0,Cardium
100021905320W500,100/02-19-053-20W5/00,2023-02-01,0,74.5,1.2,0,0,2.66,0.04,0,672,0,0,2.66,0.04,0,0,0,0,Cardium
100021905320W500,100/02-19-053-20W5/00,2023-03-01,0,82.9,3.2,0,0,2.67,0.1,0,744,0,0,2.67,0.1,0,0,0,0,Cardium
100021905320W500,100/02-19-053-20W5/00,2023-04-01,0,74.5,1.4,0,0,2.48,0.05,0,720,0,0,2.48,0.05,0,0,0,0,Cardium
100021905320W500,100/02-19-053-20W5/00,2023-05-01,0,89.3,2.3,0,0,2.88,0.07,0,744,0,0,2.88,0.07,0,0,0,0,Cardium
100021905320W500,100/02-19-053-20W5/00,2023-06-01,0,87.3,1.4,0,0,2.91,0.05,0,720,0,0,2.91,0.05,0,0,0,0,Cardium
100021905320W500,100/02-19-053-20W5/00,2023-07-01,0,86.8,2.3,0,0,2.8,0.07,0,744,0,0,2.8,0.07,0,0,0,0,Cardium
100021905320W500,100/02-19-053-20W5/00,2023-08-01,0,83.8,1.3,0,0,2.7,0.04,0,744,0,0,2.7,0.04,0,0,0,0,Cardium
100021905320W500,100/02-19-053-20W5/00,2023-09-01,0,38.4,0.6,0,0,1.28,0.02,0,720,0,0,1.28,0.02,0,0,0,0,Cardium
100021905320W500,100/02-19-053-20W5/00,2023-10-01,0,104.3,1.3,0,0,3.36,0.04,0,744,0,0,3.36,0.04,0,0,0,0,Cardium
100021905320W500,100/02-19-053-20W5/00,2023-11-01,0,78.3,17.7,0,0,2.61,0.59,0,720,0,0,2.61,0.59,0,0,0,0,Cardium
100021905320W500,100/02-19-053-20W5/00,2023-12-01,0,19.6,1.3,0,0,0.63,0.04,0,744,0,0,0.63,0.04,0,0,0,0,Cardium
100040605319W500,100/04-06-053-19W5/00,2022-01-01,0,17.2,0,0,0,0.55,0,0,218,0,0,1.89,0,0,0,0,0,Cardium
100040605319W500,100/04-06-053-19W5/00,2022-02-01,0,13.9,0,0,0,0.5,0,0,205,0,0,1.63,0,0,0,0,0,Cardium
100040605319W500,100/04-06-053-19W5/00,2022-03-01,0,21.6,0,0,0,0.7,0,0,240,0,0,2.16,0,0,0,0,0,Cardium
100040605319W500,100/04-06-053-19W5/00,2022-04-01,0,23,0,0,0,0.77,0,0,243,0,0,2.27,0,0,0,0,0,Cardium
100040605319W500,100/04-06-053-19W5/00,2022-05-01,0,23,0,0,0,0.74,0,0,243,0,0,2.27,0,0,0,0,0,Cardium
100040605319W500,100/04-06-053-19W5/00,2022-06-01,0,29.5,0,0,0,0.98,0,0,115,0,0,6.16,0,0,0,0,0,Cardium
100040605319W500,100/04-06-053-19W5/00,2022-07-01,0,29.7,0,0,0,0.96,0,0,122,0,0,5.84,0,0,0,0,0,Cardium
100040605319W500,100/04-06-053-19W5/00,2022-08-01,0,27.9,0,0,0,0.9,0,0,107,0,0,6.26,0,0,0,0,0,Cardium
100040605319W500,100/04-06-053-19W5/00,2022-09-01,0,24.2,0,0,0,0.81,0,0,100,0,0,5.81,0,0,0,0,0,Cardium
100040605319W500,100/04-06-053-19W5/00,2022-10-01,0,32.4,0,0,0,1.05,0,0,118,0,0,6.59,0,0,0,0,0,Cardium
100040605319W500,100/04-06-053-19W5/00,2022-11-01,0,26.6,0,0,0,0.89,0,0,117,0,0,5.46,0,0,0,0,0,Cardium
100040605319W500,100/04-06-053-19W5/00,2022-12-01,0,12,0,0,0,0.39,0,0,55,0,0,5.24,0,0,0,0,0,Cardium
100040605319W500,100/04-06-053-19W5/00,2023-01-01,0,1.3,0,0,0,0.04,0,0,16,0,0,1.95,0,0,0,0,0,Cardium
100040605319W500,100/04-06-053-19W5/00,2023-04-01,0,9.3,0,0,0,0.31,0,0,18,0,0,12.4,0,0,0,0,0,Cardium
100040605319W500,100/04-06-053-19W5/00,2023-05-01,0,14.4,0,0,0,0.46,0,0,216,0,0,1.6,0,0,0,0,0,Cardium
100040605319W500,100/04-06-053-19W5/00,2023-06-01,0,14.4,0,0,0,0.48,0,0,216,0,0,1.6,0,0,0,0,0,Cardium
100040605319W500,100/04-06-053-19W5/00,2023-07-01,0,29.9,0,0,0,0.96,0,0,216,0,0,3.32,0,0,0,0,0,Cardium
100040605319W500,100/04-06-053-19W5/00,2023-08-01,0,69.1,0,0,0,2.23,0,0,123,0,0,13.48,0,0,0,0,0,Cardium
100040905518W502,100/04-09-055-18W5/02,2022-01-01,0.4,14.5,0,0,0.01,0.47,0,0,432,0,0.02,0.81,0,0,0,0,0,Cardium
100040905518W502,100/04-09-055-18W5/02,2022-02-01,2.4,19.6,0,0,0.09,0.7,0,0,561,0,0.1,0.84,0,0,0,0,0,Cardium
100040905518W502,100/04-09-055-18W5/02,2022-03-01,1.2,16.1,0,0,0.04,0.52,0,0,730,0,0.04,0.53,0,0,0,0,0,Cardium
100040905518W502,100/04-09-055-18W5/02,2022-04-01,1.5,3.7,0,0,0.05,0.12,0,0,720,0,0.05,0.12,0,0,0,0,0,Cardium
100040905518W502,100/04-09-055-18W5/02,2022-05-01,2.1,29.8,0,0,0.07,0.96,0,0,600,0,0.08,1.19,0,0,0,0,0,Cardium
100040905518W502,100/04-09-055-18W5/02,2022-06-01,5,30.4,2.6,0,0.17,1.01,0.09,0,720,0,0.17,1.01,0.09,0,0,0,0,Cardium
100040905518W502,100/04-09-055-18W5/02,2022-07-01,1.1,11,0,0,0.04,0.35,0,0,367,0,0.07,0.72,0,0,0,0,0,Cardium
100040905518W502,100/04-09-055-18W5/02,2022-08-01,2.1,17.2,0,0,0.07,0.55,0,0,696,0,0.07,0.59,0,0,0,0,0,Cardium
100040905518W502,100/04-09-055-18W5/02,2022-09-01,1.7,42.6,0,0,0.06,1.42,0,0,720,0,0.06,1.42,0,0,0,0,0,Cardium
100040905518W502,100/04-09-055-18W5/02,2022-10-01,1.4,31.2,0,0,0.05,1.01,0,0,744,0,0.05,1.01,0,0,0,0,0,Cardium
100040905518W502,100/04-09-055-18W5/02,2022-11-01,0.4,16.8,0,0,0.01,0.56,0,0,720,0,0.01,0.56,0,0,0,0,0,Cardium
100040905518W502,100/04-09-055-18W5/02,2022-12-01,0.3,7.9,0,0,0.01,0.25,0,0,600,0,0.01,0.32,0,0,0,0,0,Cardium
100040905518W502,100/04-09-055-18W5/02,2023-01-01,0.4,9.4,0,0,0.01,0.3,0,0,600,0,0.02,0.38,0,0,0,0,0,Cardium
100040905518W502,100/04-09-055-18W5/02,2023-02-01,3.3,15.1,0,0,0.12,0.54,0,0,648,0,0.12,0.56,0,0,0,0,0,Cardium
100040905518W502,100/04-09-055-18W5/02,2023-03-01,2.9,23.2,0.2,0,0.09,0.75,0.01,0,744,0,0.09,0.75,0.01,0,0,0,0,Cardium
100040905518W502,100/04-09-055-18W5/02,2023-04-01,1.4,20.3,0.6,0,0.05,0.68,0.02,0,720,0,0.05,0.68,0.02,0,0,0,0,Cardium
100040905518W502,100/04-09-055-18W5/02,2023-05-01,0.9,18.7,0.6,0,0.03,0.6,0.02,0,624,0,0.03,0.72,0.02,0,0,0,0,Cardium
100040905518W502,100/04-09-055-18W5/02,2023-06-01,0.3,6,0,0,0.01,0.2,0,0,216,0,0.03,0.67,0,0,0,0,0,Cardium
100040905518W502,100/04-09-055-18W5/02,2023-07-01,0.5,21.5,0.1,0,0.02,0.69,0,0,520,0,0.02,0.99,0,0,0,0,0,Cardium
100040905518W502,100/04-09-055-18W5/02,2023-08-01,1.7,39.9,0.4,0,0.05,1.29,0.01,0,744,0,0.05,1.29,0.01,0,0,0,0,Cardium
100042105519W500,100/04-21-055-19W5/00,2022-02-01,0,2.4,0,0,0,0.09,0,0,2,0,0,28.8,0,0,0,0,0,Gething
100042105519W500,100/04-21-055-19W5/00,2022-03-01,0,9.2,0,0,0,0.3,0,0,11,0,0,20.07,0,0,0,0,0,Gething
100042105519W500,100/04-21-055-19W5/00,2022-04-01,0,1.8,0,0,0,0.06,0,0,2,0,0,21.6,0,0,0,0,0,Gething
100042105519W500,100/04-21-055-19W5/00,2022-05-01,0,2.8,0,0,0,0.09,0,0,3,0,0,22.4,0,0,0,0,0,Gething
100042105519W500,100/04-21-055-19W5/00,2022-06-01,0,6.7,0,0,0,0.22,0,0,8,0,0,20.1,0,0,0,0,0,Gething
100042105519W500,100/04-21-055-19W5/00,2022-08-01,0,606.7,0,0,0,19.57,0,0,541,0,0,26.91,0,0,0,0,0,Gething
100042105519W500,100/04-21-055-19W5/00,2022-09-01,0,697.9,0,0,0,23.26,0,0,709,0,0,23.62,0,0,0,0,0,Gething
100042105519W500,100/04-21-055-19W5/00,2022-10-01,0,643,0,0,0,20.74,0,0,744,0,0,20.74,0,0,0,0,0,Gething
100042105519W500,100/04-21-055-19W5/00,2022-11-01,0,514.2,6.5,0,0,17.14,0.22,0,670,0,0,18.42,0.23,0,0,0,0,Gething
100042105519W500,100/04-21-055-19W5/00,2022-12-01,0,430.5,3,0,0,13.89,0.1,0,694,0,0,14.89,0.1,0,0,0,0,Gething
100042105519W500,100/04-21-055-19W5/00,2023-01-01,0,395.4,0,0,0,12.75,0,0,687,0,0,13.81,0,0,0,0,0,Gething
100042105519W500,100/04-21-055-19W5/00,2023-02-01,0,296.5,0,0,0,10.59,0,0,464,0,0,15.34,0,0,0,0,0,Gething
100042105519W500,100/04-21-055-19W5/00,2023-03-01,0,332.9,0,0,0,10.74,0,0,438,0,0,18.24,0,0,0,0,0,Gething
100042105519W500,100/04-21-055-19W5/00,2023-04-01,0,370.9,0,0,0,12.36,0,0,598,0,0,14.89,0,0,0,0,0,Gething
100042105519W500,100/04-21-055-19W5/00,2023-05-01,0,359,0,0,0,11.58,0,0,744,0,0,11.58,0,0,0,0,0,Gething
100042105519W500,100/04-21-055-19W5/00,2023-06-01,0,296.3,0,0,0,9.88,0,0,672,0,0,10.58,0,0,0,0,0,Gething
100042105519W500,100/04-21-055-19W5/00,2023-07-01,0,330.8,0,0,0,10.67,0,0,672,0,0,11.81,0,0,0,0,0,Gething
100042105519W500,100/04-21-055-19W5/00,2023-08-01,0,279.9,0,0,0,9.03,0,0,744,0,0,9.03,0,0,0,0,0,Gething
100042805519W500,100/04-28-055-19W5/00,2022-01-01,1.6,16.2,11.9,0,0.05,0.52,0.38,0,744,0,0.05,0.52,0.38,0,0,0,0,Wilrich
100042805519W500,100/04-28-055-19W5/00,2022-02-01,0.5,7.1,4.5,0,0.02,0.25,0.16,0,228,0,0.05,0.75,0.47,0,0,0,0,Wilrich
100042805519W500,100/04-28-055-19W5/00,2022-03-01,0.3,13.3,1.7,0,0.01,0.43,0.05,0,144,0,0.05,2.22,0.28,0,0,0,0,Wilrich
100042805519W500,100/04-28-055-19W5/00,2022-04-01,2.4,18.4,13.2,0,0.08,0.61,0.44,0,348,0,0.17,1.27,0.91,0,0,0,0,Wilrich
100042805519W500,100/04-28-055-19W5/00,2022-05-01,0,19.8,32.4,0,0,0.64,1.05,0,625,0,0,0.76,1.24,0,0,0,0,Wilrich
100042805519W500,100/04-28-055-19W5/00,2022-06-01,4.2,16.3,20.4,0,0.14,0.54,0.68,0,580,0,0.17,0.67,0.84,0,0,0,0,Wilrich
100042805519W500,100/04-28-055-19W5/00,2022-07-01,0,17.7,37.1,0,0,0.57,1.2,0,744,0,0,0.57,1.2,0,0,0,0,Wilrich
100042805519W500,100/04-28-055-19W5/00,2022-08-01,14.3,23.1,12.4,0,0.46,0.75,0.4,0,724,0,0.47,0.77,0.41,0,0,0,0,Wilrich
100042805519W500,100/04-28-055-19W5/00,2022-09-01,0,23.6,33.4,0,0,0.79,1.11,0,672,0,0,0.84,1.19,0,0,0,0,Wilrich
100042805519W500,100/04-28-055-19W5/00,2022-10-01,0,21.3,27,0,0,0.69,0.87,0,122,0,0,4.19,5.31,0,0,0,0,Wilrich
100042805519W500,100/04-28-055-19W5/00,2022-11-01,0,29.4,33.5,0,0,0.98,1.12,0,698,0,0,1.01,1.15,0,0,0,0,Wilrich
100042805519W500,100/04-28-055-19W5/00,2022-12-01,0,28.2,22.4,0,0,0.91,0.72,0,543,0,0,1.25,0.99,0,0,0,0,Wilrich
100042805519W500,100/04-28-055-19W5/00,2023-01-01,5,30.3,23.9,0,0.16,0.98,0.77,0,744,0,0.16,0.98,0.77,0,0,0,0,Wilrich
100042805519W500,100/04-28-055-19W5/00,2023-02-01,0.3,120.1,34.8,0,0.01,4.29,1.24,0,600,0,0.01,4.8,1.39,0,0,0,0,Wilrich
100042805519W500,100/04-28-055-19W5/00,2023-03-01,0,20.4,15.8,0,0,0.66,0.51,0,530,0,0,0.92,0.72,0,0,0,0,Wilrich
100042805519W500,100/04-28-055-19W5/00,2023-04-01,0.1,25,29.8,0,0,0.83,0.99,0,610,0,0,0.98,1.17,0,0,0,0,Wilrich
100042805519W500,100/04-28-055-19W5/00,2023-05-01,0,26.6,32,0,0,0.86,1.03,0,600,0,0,1.06,1.28,0,0,0,0,Wilrich
100042805519W500,100/04-28-055-19W5/00,2023-06-01,0,7.1,9.4,0,0,0.24,0.31,0,121,0,0,1.41,1.86,0,0,0,0,Wilrich
100051905518W500,100/05-19-055-18W5/00,2022-10-01,0,128.9,0,0,0,4.16,0,0,202,0,0,15.31,0,0,0,0,0,Cardium
100051905518W500,100/05-19-055-18W5/00,2022-11-01,0,121.8,0,0,0,4.06,0,0,178,0,0,16.42,0,0,0,0,0,Cardium
100051905518W500,100/05-19-055-18W5/00,2022-12-01,0,76.7,0,0,0,2.47,0,0,159,0,0,11.58,0,0,0,0,0,Cardium
100051905518W500,100/05-19-055-18W5/00,2023-01-01,0,0.9,0,0,0,0.03,0,0,7,0,0,3.09,0,0,0,0,0,Cardium
100051905518W500,100/05-19-055-18W5/00,2023-02-01,0,0.1,0,0,0,0,0,0,24,0,0,0.1,0,0,0,0,0,Cardium
100052105922W500,100/05-21-059-22W5/00,2022-01-01,50.1,50.5,2.8,0,1.62,1.63,0.09,0,505,0,2.38,2.4,0.13,0,0,0,0,Cardium
100052105922W500,100/05-21-059-22W5/00,2022-02-01,41.1,43.6,0.5,0,1.47,1.56,0.02,0,429,0,2.3,2.44,0.03,0,0,0,0,Cardium
100052105922W500,100/05-21-059-22W5/00,2022-03-01,39.6,49.3,0.3,0,1.28,1.59,0.01,0,492,0,1.93,2.4,0.01,0,0,0,0,Cardium
100052105922W500,100/05-21-059-22W5/00,2022-04-01,38.5,49.4,1.2,0,1.28,1.65,0.04,0,494,0,1.87,2.4,0.06,0,0,0,0,Cardium
100052105922W500,100/05-21-059-22W5/00,2022-05-01,42.9,38.6,3.9,0,1.38,1.25,0.13,0,537,0,1.92,1.73,0.17,0,0,0,0,Cardium
100052105922W500,100/05-21-059-22W5/00,2022-06-01,37.1,39.3,0.6,0,1.24,1.31,0.02,0,530,0,1.68,1.78,0.03,0,0,0,0,Cardium
100052105922W500,100/05-21-059-22W5/00,2022-07-01,38.6,41.1,1,0,1.25,1.33,0.03,0,564,0,1.64,1.75,0.04,0,0,0,0,Cardium
100052105922W500,100/05-21-059-22W5/00,2022-08-01,38.9,41.5,0.5,0,1.25,1.34,0.02,0,555,0,1.68,1.79,0.02,0,0,0,0,Cardium
100052105922W500,100/05-21-059-22W5/00,2022-09-01,33.7,40.2,1.4,0,1.12,1.34,0.05,0,518,0,1.56,1.86,0.06,0,0,0,0,Cardium
100052105922W500,100/05-21-059-22W5/00,2022-10-01,36.9,46.5,0.9,0,1.19,1.5,0.03,0,572,0,1.55,1.95,0.04,0,0,0,0,Cardium
100052105922W500,100/05-21-059-22W5/00,2022-11-01,37.7,43.5,0.2,0,1.26,1.45,0.01,0,534,0,1.69,1.96,0.01,0,0,0,0,Cardium
100052105922W500,100/05-21-059-22W5/00,2022-12-01,41.6,47.5,0.3,0,1.34,1.53,0.01,0,574,0,1.74,1.99,0.01,0,0,0,0,Cardium
100052105922W500,100/05-21-059-22W5/00,2023-01-01,30.9,46.8,1.1,0,1,1.51,0.04,0,579,0,1.28,1.94,0.05,0,0,0,0,Cardium
100052105922W500,100/05-21-059-22W5/00,2023-02-01,30.5,35.8,1.4,0,1.09,1.28,0.05,0,471,0,1.55,1.82,0.07,0,0,0,0,Cardium
100052105922W500,100/05-21-059-22W5/00,2023-03-01,8.2,33.4,0.2,0,0.26,1.08,0.01,0,471,0,0.42,1.7,0.01,0,0,0,0,Cardium
100052105922W500,100/05-21-059-22W5/00,2023-04-01,35.3,36.1,0.4,0,1.18,1.2,0.01,0,471,0,1.8,1.84,0.02,0,0,0,0,Cardium
100052105922W500,100/05-21-059-22W5/00,2023-05-01,32.4,34,0,0,1.05,1.1,0,0,528,0,1.47,1.55,0,0,0,0,0,Cardium
100052105922W500,100/05-21-059-22W5/00,2023-06-01,39.9,46.7,0.2,0,1.33,1.56,0.01,0,720,0,1.33,1.56,0.01,0,0,0,0,Cardium
100052105922W500,100/05-21-059-22W5/00,2023-07-01,37,40.9,0,0,1.19,1.32,0,0,744,0,1.19,1.32,0,0,0,0,0,Cardium
100052105922W500,100/05-21-059-22W5/00,2023-08-01,32.3,38.9,1.6,0,1.04,1.25,0.05,0,744,0,1.04,1.25,0.05,0,0,0,0,Cardium
100052105922W500,100/05-21-059-22W5/00,2023-09-01,0.6,0,0,0,0.02,0,0,0,24,0,0.6,0,0,0,0,0,0,Cardium
100053305418W500,100/05-33-054-18W5/00,2022-02-01,0.1,3.5,0,0,0,0.13,0,0,333,0,0.01,0.25,0,0,0,0,0,Cardium
100053305418W500,100/05-33-054-18W5/00,2022-03-01,0.3,6.1,0,0,0.01,0.2,0,0,720,0,0.01,0.2,0,0,0,0,0,Cardium
100053305418W500,100/05-33-054-18W5/00,2022-04-01,0.3,5.6,0,0,0.01,0.19,0,0,720,0,0.01,0.19,0,0,0,0,0,Cardium
100053305418W500,100/05-33-054-18W5/00,2022-05-01,0.4,6,0,0,0.01,0.19,0,0,744,0,0.01,0.19,0,0,0,0,0,Cardium
100053305418W500,100/05-33-054-18W5/00,2022-07-01,0.2,10.7,0,0,0.01,0.35,0,0,631,0,0.01,0.41,0,0,0,0,0,Cardium
100053305418W500,100/05-33-054-18W5/00,2022-08-01,1.5,30,1.8,0,0.05,0.97,0.06,0,720,0,0.05,1,0.06,0,0,0,0,Cardium
100053305418W500,100/05-33-054-18W5/00,2022-09-01,6.6,50.3,0.7,0,0.22,1.68,0.02,0,720,0,0.22,1.68,0.02,0,0,0,0,Cardium
100053305418W500,100/05-33-054-18W5/00,2022-10-01,2.6,23.8,0.4,0,0.08,0.77,0.01,0,744,0,0.08,0.77,0.01,0,0,0,0,Cardium
100053305418W500,100/05-33-054-18W5/00,2022-11-01,0.4,23.1,0,0,0.01,0.77,0,0,720,0,0.01,0.77,0,0,0,0,0,Cardium
100053305418W500,100/05-33-054-18W5/00,2022-12-01,0.3,14.8,0,0,0.01,0.48,0,0,552,0,0.01,0.64,0,0,0,0,0,Cardium
100053305418W500,100/05-33-054-18W5/00,2023-01-01,0.5,21.3,0,0,0.02,0.69,0,0,672,0,0.02,0.76,0,0,0,0,0,Cardium
100053305418W500,100/05-33-054-18W5/00,2023-02-01,0.3,14.8,0,0,0.01,0.53,0,0,480,0,0.02,0.74,0,0,0,0,0,Cardium
100053305418W500,100/05-33-054-18W5/00,2023-03-01,1.6,23.4,0,0,0.05,0.75,0,0,624,0,0.06,0.9,0,0,0,0,0,Cardium
100053305418W500,100/05-33-054-18W5/00,2023-04-01,4,25.2,0.3,0,0.13,0.84,0.01,0,720,0,0.13,0.84,0.01,0,0,0,0,Cardium
100053305418W500,100/05-33-054-18W5/00,2023-05-01,1.5,13.9,0.6,0,0.05,0.45,0.02,0,624,0,0.06,0.53,0.02,0,0,0,0,Cardium
100053305418W500,100/05-33-054-18W5/00,2023-06-01,0.1,3,0,0,0,0.1,0,0,216,0,0.01,0.33,0,0,0,0,0,Cardium
100053305418W500,100/05-33-054-18W5/00,2023-07-01,0.3,16.3,0.1,0,0.01,0.53,0,0,520,0,0.01,0.75,0,0,0,0,0,Cardium
100053305418W500,100/05-33-054-18W5/00,2023-08-01,1.1,18,0.3,0,0.04,0.58,0.01,0,744,0,0.04,0.58,0.01,0,0,0,0,Cardium
100071005619W500,100/07-10-056-19W5/00,2022-08-01,0,71.3,0,0,0,2.3,0,0,48,0,0,35.65,0,0,0,0,0,Second White Specks
100071005619W500,100/07-10-056-19W5/00,2022-09-01,179.3,565.3,14.1,0,5.98,18.84,0.47,0,720,0,5.98,18.84,0.47,0,0,0,0,Second White Specks
100071005619W500,100/07-10-056-19W5/00,2022-10-01,159.6,435.6,9.5,0,5.15,14.05,0.31,0,744,0,5.15,14.05,0.31,0,0,0,0,Second White Specks
100071005619W500,100/07-10-056-19W5/00,2022-11-01,138.1,387,9.7,0,4.6,12.9,0.32,0,720,0,4.6,12.9,0.32,0,0,0,0,Second White Specks
100071005619W500,100/07-10-056-19W5/00,2022-12-01,132.6,302,6.2,0,4.28,9.74,0.2,0,714,0,4.46,10.15,0.21,0,0,0,0,Second White Specks
100071005619W500,100/07-10-056-19W5/00,2023-01-01,158.7,320.5,6.2,0,5.12,10.34,0.2,0,744,0,5.12,10.34,0.2,0,0,0,0,Second White Specks
100071005619W500,100/07-10-056-19W5/00,2023-02-01,130.1,223.7,5.7,0,4.65,7.99,0.2,0,672,0,4.65,7.99,0.2,0,0,0,0,Second White Specks
100071005619W500,100/07-10-056-19W5/00,2023-03-01,113.5,204.3,7.5,0,3.66,6.59,0.24,0,744,0,3.66,6.59,0.24,0,0,0,0,Second White Specks
100071005619W500,100/07-10-056-19W5/00,2023-04-01,147.2,203.9,4.8,0,4.91,6.8,0.16,0,720,0,4.91,6.8,0.16,0,0,0,0,Second White Specks
100071005619W500,100/07-10-056-19W5/00,2023-05-01,112.4,138.9,1.9,0,3.63,4.48,0.06,0,514,0,5.25,6.49,0.09,0,0,0,0,Second White Specks
100071005619W500,100/07-10-056-19W5/00,2023-06-01,58.9,90.7,0.8,0,1.96,3.02,0.03,0,312,0,4.53,6.98,0.06,0,0,0,0,Second White Specks
100071005619W500,100/07-10-056-19W5/00,2023-07-01,94,127.6,1.1,0,3.03,4.12,0.04,0,456,0,4.95,6.72,0.06,0,0,0,0,Second White Specks
100071005619W500,100/07-10-056-19W5/00,2023-08-01,0,0,4.6,0,0,0,0.15,0,24,0,0,0,4.6,0,0,0,0,Second White Specks
100071606420W500,100/07-16-064-20W5/00,2022-01-01,0,9.2,0,0,0,0.3,0,0,43,0,0,5.13,0,0,0,0,0,Mannville
100071606420W500,100/07-16-064-20W5/00,2022-02-01,0,42.2,0,0,0,1.51,0,0,339,0,0,2.99,0,0,0,0,0,Mannville
100071606420W500,100/07-16-064-20W5/00,2022-03-01,0,0.5,0,0,0,0.02,0,0,7,0,0,1.71,0,0,0,0,0,Mannville
100071606420W500,100/07-16-064-20W5/00,2022-06-01,0,41.8,0,0,0,1.39,0,0,317,0,0,3.16,0,0,0,0,0,Mannville
100071606420W500,100/07-16-064-20W5/00,2022-07-01,0,3,0,0,0,0.1,0,0,36,0,0,2,0,0,0,0,0,Mannville
100071606420W500,100/07-16-064-20W5/00,2022-10-01,0,201.2,0,0,0,6.49,0,0,519,0,0,9.3,0,0,0,0,0,Mannville
100071606420W500,100/07-16-064-20W5/00,2022-11-01,0,64,0,0,0,2.13,0,0,413,0,0,3.72,0,0,0,0,0,Mannville
100071606420W500,100/07-16-064-20W5/00,2022-12-01,0,5,0,0,0,0.16,0,0,8,0,0,15,0,0,0,0,0,Mannville
100071606420W500,100/07-16-064-20W5/00,2023-01-01,0,12.9,7.8,0,0,0.42,0.25,0,64,0,0,4.84,2.93,0,0,0,0,Mannville
100071606420W500,100/07-16-064-20W5/00,2023-02-01,0,133.1,0,0,0,4.75,0,0,287,0,0,11.13,0,0,0,0,0,Mannville
100071606420W500,100/07-16-064-20W5/00,2023-03-01,0,454.8,0,0,0,14.67,0,0,628,0,0,17.38,0,0,0,0,0,Mannville
100071606420W500,100/07-16-064-20W5/00,2023-04-01,0,433.3,0,0,0,14.44,0,0,634,0,0,16.4,0,0,0,0,0,Mannville
100071606420W500,100/07-16-064-20W5/00,2023-05-01,0,60.8,0,0,0,1.96,0,0,106,0,0,13.77,0,0,0,0,0,Mannville
100071606420W500,100/07-16-064-20W5/00,2023-06-01,0,0,4.3,0,0,0,0.14,0,24,0,0,0,4.3,0,0,0,0,Mannville
100072105922W500,100/07-21-059-22W5/00,2022-01-01,59.3,0.1,0,0,1.91,0,0,0,744,0,1.91,0,0,0,0,0,0,Cardium
100072105922W500,100/07-21-059-22W5/00,2022-02-01,44.5,6.5,0,0,1.59,0.23,0,0,672,0,1.59,0.23,0,0,0,0,0,Cardium
100072105922W500,100/07-21-059-22W5/00,2022-03-01,49.4,0.1,0,0,1.59,0,0,0,744,0,1.59,0,0,0,0,0,0,Cardium
100072105922W500,100/07-21-059-22W5/00,2022-04-01,19.1,0.1,0,0,0.64,0,0,0,720,0,0.64,0,0,0,0,0,0,Cardium
100072105922W500,100/07-21-059-22W5/00,2022-09-01,22.5,0.1,9.4,0,0.75,0,0.31,0,24,0,22.5,0.1,9.4,0,0,0,0,Cardium
100072105922W500,100/07-21-059-22W5/00,2022-12-01,33.9,0.1,6.3,0,1.09,0,0.2,0,744,0,1.09,0,0.2,0,0,0,0,Cardium
100072105922W500,100/07-21-059-22W5/00,2023-01-01,36.7,0.1,0.2,0,1.18,0,0.01,0,744,0,1.18,0,0.01,0,0,0,0,Cardium
100072105922W500,100/07-21-059-22W5/00,2023-02-01,50.4,0.1,3.7,0,1.8,0,0.13,0,672,0,1.8,0,0.13,0,0,0,0,Cardium
100072105922W500,100/07-21-059-22W5/00,2023-03-01,24.9,0.5,0,0,0.8,0.02,0,0,744,0,0.8,0.02,0,0,0,0,0,Cardium
100072105922W500,100/07-21-059-22W5/00,2023-04-01,29.8,0.1,0.1,0,0.99,0,0,0,720,0,0.99,0,0,0,0,0,0,Cardium
100072105922W500,100/07-21-059-22W5/00,2023-05-01,38.7,0.1,0.8,0,1.25,0,0.03,0,744,0,1.25,0,0.03,0,0,0,0,Cardium
100072105922W500,100/07-21-059-22W5/00,2023-06-01,39.9,0.5,0.4,0,1.33,0.02,0.01,0,720,0,1.33,0.02,0.01,0,0,0,0,Cardium
100072105922W500,100/07-21-059-22W5/00,2023-07-01,56,0.1,1.1,0,1.81,0,0.04,0,744,0,1.81,0,0.04,0,0,0,0,Cardium
100072105922W500,100/07-21-059-22W5/00,2023-08-01,50.8,0.7,0,0,1.64,0.02,0,0,744,0,1.64,0.02,0,0,0,0,0,Cardium
100072805519W500,100/07-28-055-19W5/00,2022-02-01,0,30.2,0,0,0,1.08,0,0,68,0,0,10.66,0,0,0,0,0,Gething
100072805519W500,100/07-28-055-19W5/00,2022-03-01,0,45.4,5,0,0,1.46,0.16,0,88,0,0,12.38,1.36,0,0,0,0,Gething
100072805519W500,100/07-28-055-19W5/00,2022-04-01,0,48.6,0,0,0,1.62,0,0,123,0,0,9.48,0,0,0,0,0,Gething
100072805519W500,100/07-28-055-19W5/00,2022-05-01,0,42.1,0,0,0,1.36,0,0,129,0,0,7.83,0,0,0,0,0,Gething
100072805519W500,100/07-28-055-19W5/00,2022-06-01,0,8.3,5.5,0,0,0.28,0.18,0,35,0,0,5.69,3.77,0,0,0,0,Gething
100072805519W500,100/07-28-055-19W5/00,2022-07-01,0,28.8,0,0,0,0.93,0,0,83,0,0,8.33,0,0,0,0,0,Gething
100072805519W500,100/07-28-055-19W5/00,2022-08-01,0,23.3,0,0,0,0.75,0,0,52,0,0,10.75,0,0,0,0,0,Gething
100072805519W500,100/07-28-055-19W5/00,2022-09-01,0,15.5,3.5,0,0,0.52,0.12,0,60,0,0,6.2,1.4,0,0,0,0,Gething
100072805519W500,100/07-28-055-19W5/00,2022-10-01,0,2.2,0,0,0,0.07,0,0,10,0,0,5.28,0,0,0,0,0,Gething
100072805519W500,100/07-28-055-19W5/00,2022-11-01,0,44.2,0,0,0,1.47,0,0,81,0,0,13.1,0,0,0,0,0,Gething
100072805519W500,100/07-28-055-19W5/00,2022-12-01,0,28.8,0,0,0,0.93,0,0,74,0,0,9.34,0,0,0,0,0,Gething
100072805519W500,100/07-28-055-19W5/00,2023-01-01,0,26.5,4.7,0,0,0.85,0.15,0,51,0,0,12.47,2.21,0,0,0,0,Gething
100072805519W500,100/07-28-055-19W5/00,2023-02-01,0,18.6,0,0,0,0.66,0,0,43,0,0,10.38,0,0,0,0,0,Gething
100072805519W500,100/07-28-055-19W5/00,2023-03-01,0,28.1,0,0,0,0.91,0,0,45,0,0,14.99,0,0,0,0,0,Gething
100072805519W500,100/07-28-055-19W5/00,2023-04-01,0,24.6,0,0,0,0.82,0,0,64,0,0,9.23,0,0,0,0,0,Gething
100072805519W500,100/07-28-055-19W5/00,2023-05-01,0,27.2,0,0,0,0.88,0,0,696,0,0,0.94,0,0,0,0,0,Gething
100072805519W500,100/07-28-055-19W5/00,2023-06-01,0,19.6,0,0,0,0.65,0,0,672,0,0,0.7,0,0,0,0,0,Gething
100072805519W500,100/07-28-055-19W5/00,2023-07-01,0,25.6,0,0,0,0.83,0,0,672,0,0,0.91,0,0,0,0,0,Gething
100072805519W500,100/07-28-055-19W5/00,2023-08-01,0,22.9,0,0,0,0.74,0,0,744,0,0,0.74,0,0,0,0,0,Gething
100072905619W500,100/07-29-056-19W5/00,2022-07-01,0,27.9,0,0,0,0.9,0,0,39,0,0,17.17,0,0,0,0,0,Cardium
100072905619W500,100/07-29-056-19W5/00,2022-08-01,2.1,41.1,0,0,0.07,1.33,0,0,74,0,0.68,13.33,0,0,0,0,0,Cardium
100072905619W500,100/07-29-056-19W5/00,2022-09-01,0,20.4,0,0,0,0.68,0,0,110,0,0,4.45,0,0,0,0,0,Cardium
100072905619W500,100/07-29-056-19W5/00,2022-10-01,0,11.8,0,0,0,0.38,0,0,93,0,0,3.05,0,0,0,0,0,Cardium
100072905619W500,100/07-29-056-19W5/00,2022-11-01,0,1.6,0,0,0,0.05,0,0,4,0,0,9.6,0,0,0,0,0,Cardium
100072905619W500,100/07-29-056-19W5/00,2022-12-01,0,5.2,0,0,0,0.17,0,0,11,0,0,11.35,0,0,0,0,0,Cardium
100072905619W500,100/07-29-056-19W5/00,2023-01-01,0,5.3,0,0,0,0.17,0,0,12,0,0,10.6,0,0,0,0,0,Cardium
100072905619W500,100/07-29-056-19W5/00,2023-02-01,0,5.2,0,0,0,0.19,0,0,672,0,0,0.19,0,0,0,0,0,Cardium
100072905619W500,100/07-29-056-19W5/00,2023-03-01,0,5.4,0,0,0,0.17,0,0,13,0,0,9.97,0,0,0,0,0,Cardium
100072905619W500,100/07-29-056-19W5/00,2023-04-01,0,4,0,0,0,0.13,0,0,10,0,0,9.6,0,0,0,0,0,Cardium
100072905619W500,100/07-29-056-19W5/00,2023-05-01,0,2.3,0,0,0,0.07,0,0,672,0,0,0.08,0,0,0,0,0,Cardium
100072905619W500,100/07-29-056-19W5/00,2023-06-01,0,0.5,0,0,0,0.02,0,0,144,0,0,0.08,0,0,0,0,0,Cardium
100080705318W502,100/08-07-053-18W5/02,2022-02-01,8.8,9.1,0.1,0,0.31,0.33,0,0,129,0,1.64,1.69,0.02,0,0,0,0,Cardium
100080705318W502,100/08-07-053-18W5/02,2022-03-01,0,0.1,0,0,0,0,0,0,3,0,0,0.8,0,0,0,0,0,Cardium
100080705318W502,100/08-07-053-18W5/02,2022-06-01,68.8,35.8,0.7,0,2.29,1.19,0.02,0,720,0,2.29,1.19,0.02,0,0,0,0,Cardium
100080705318W502,100/08-07-053-18W5/02,2022-07-01,75.2,36,0.3,0,2.43,1.16,0.01,0,513,0,3.52,1.68,0.01,0,0,0,0,Cardium
100080705318W502,100/08-07-053-18W5/02,2022-08-01,9.4,37.4,0,0,0.3,1.21,0,0,542,0,0.42,1.66,0,0,0,0,0,Cardium
100080705318W502,100/08-07-053-18W5/02,2022-09-01,0,19.8,0,0,0,0.66,0,0,309,0,0,1.54,0,0,0,0,0,Cardium
100080705318W502,100/08-07-053-18W5/02,2022-11-01,33.2,11.3,0,0,1.11,0.38,0,0,119,0,6.7,2.28,0,0,0,0,0,Cardium
100080705318W502,100/08-07-053-18W5/02,2022-12-01,5.6,7.6,0,0,0.18,0.25,0,0,96,0,1.4,1.9,0,0,0,0,0,Cardium
100080705318W502,100/08-07-053-18W5/02,2023-01-01,56,30.5,0.2,0,1.81,0.98,0.01,0,384,0,3.5,1.91,0.01,0,0,0,0,Cardium
100080705318W502,100/08-07-053-18W5/02,2023-02-01,48.2,49.3,0.6,0,1.72,1.76,0.02,0,619,0,1.87,1.91,0.02,0,0,0,0,Cardium
100080705318W502,100/08-07-053-18W5/02,2023-03-01,13.2,12.5,0,0,0.43,0.4,0,0,191,0,1.66,1.57,0,0,0,0,0,Cardium
100080705318W502,100/08-07-053-18W5/02,2023-05-01,34.9,23.3,0,0,1.13,0.75,0,0,288,0,2.91,1.94,0,0,0,0,0,Cardium
100080705318W502,100/08-07-053-18W5/02,2023-06-01,20.4,15.4,0,0,0.68,0.51,0,0,216,0,2.27,1.71,0,0,0,0,0,Cardium
100080705318W502,100/08-07-053-18W5/02,2023-07-01,47.5,0.5,0.6,0,1.53,0.02,0.02,0,216,0,5.28,0.06,0.07,0,0,0,0,Cardium
100080705318W502,100/08-07-053-18W5/02,2023-08-01,45.6,0.7,0.5,0,1.47,0.02,0.02,0,624,0,1.75,0.03,0.02,0,0,0,0,Cardium
100080805518W500,100/08-08-055-18W5/00,2022-01-01,0.3,3.4,0,0,0.01,0.11,0,0,144,0,0.05,0.57,0,0,0,0,0,Cardium
100080805518W500,100/08-08-055-18W5/00,2022-04-01,5.5,24.9,1.1,0,0.18,0.83,0.04,0,672,0,0.2,0.89,0.04,0,0,0,0,Cardium
100080805518W500,100/08-08-055-18W5/00,2022-05-01,7.1,5.1,0.5,0,0.23,0.16,0.02,0,720,0,0.24,0.17,0.02,0,0,0,0,Cardium
100080805518W500,100/08-08-055-18W5/00,2022-06-01,6.4,4.3,0.6,0,0.21,0.14,0.02,0,720,0,0.21,0.14,0.02,0,0,0,0,Cardium
100080805518W500,100/08-08-055-18W5/00,2022-07-01,2.4,24.7,0.9,0,0.08,0.8,0.03,0,655,0,0.09,0.91,0.03,0,0,0,0,Cardium
100080805518W500,100/08-08-055-18W5/00,2022-08-01,11.5,106.3,2.7,0,0.37,3.43,0.09,0,744,0,0.37,3.43,0.09,0,0,0,0,Cardium
100080805518W500,100/08-08-055-18W5/00,2022-09-01,6.3,118.7,1.8,0,0.21,3.96,0.06,0,552,0,0.27,5.16,0.08,0,0,0,0,Cardium
100080805518W500,100/08-08-055-18W5/00,2022-10-01,15.6,79.4,2,0,0.5,2.56,0.06,0,744,0,0.5,2.56,0.06,0,0,0,0,Cardium
100080805518W500,100/08-08-055-18W5/00,2022-11-01,20.5,47.4,2.8,0,0.68,1.58,0.09,0,720,0,0.68,1.58,0.09,0,0,0,0,Cardium
100080805518W500,100/08-08-055-18W5/00,2022-12-01,8.5,15.4,0.3,0,0.27,0.5,0.01,0,312,0,0.65,1.18,0.02,0,0,0,0,Cardium
100080805518W500,100/08-08-055-18W5/00,2023-01-01,6,23.9,0.7,0,0.19,0.77,0.02,0,432,0,0.33,1.33,0.04,0,0,0,0,Cardium
100080805518W500,100/08-08-055-18W5/00,2023-02-01,2.6,26.1,0.4,0,0.09,0.93,0.01,0,552,0,0.11,1.13,0.02,0,0,0,0,Cardium
100080805518W500,100/08-08-055-18W5/00,2023-03-01,2.7,58.6,0.4,0,0.09,1.89,0.01,0,744,0,0.09,1.89,0.01,0,0,0,0,Cardium
100080805518W500,100/08-08-055-18W5/00,2023-04-01,4,36.6,0.2,0,0.13,1.22,0.01,0,720,0,0.13,1.22,0.01,0,0,0,0,Cardium
100080805518W500,100/08-08-055-18W5/00,2023-05-01,5.3,53,0.9,0,0.17,1.71,0.03,0,624,0,0.2,2.04,0.03,0,0,0,0,Cardium
100080805518W500,100/08-08-055-18W5/00,2023-06-01,0.3,19.2,0,0,0.01,0.64,0,0,216,0,0.03,2.13,0,0,0,0,0,Cardium
100080805518W500,100/08-08-055-18W5/00,2023-07-01,6.1,57,0.6,0,0.2,1.84,0.02,0,520,0,0.28,2.63,0.03,0,0,0,0,Cardium
100080805518W500,100/08-08-055-18W5/00,2023-08-01,12,94.4,1.4,0,0.39,3.05,0.05,0,720,0,0.4,3.15,0.05,0,0,0,0,Cardium
100082805418W500,100/08-28-054-18W5/00,2022-07-01,0,4.8,0,0,0,0.15,0,0,10,0,0,11.52,0,0,0,0,0,Cardium
100082805418W500,100/08-28-054-18W5/00,2022-08-01,4.3,50.8,1.7,0,0.14,1.64,0.05,0,103,0,1,11.84,0.4,0,0,0,0,Cardium
100082805418W500,100/08-28-054-18W5/00,2022-09-01,2.1,42.3,0.8,0,0.07,1.41,0.03,0,109,0,0.46,9.31,0.18,0,0,0,0,Cardium
100082805418W500,100/08-28-054-18W5/00,2022-10-01,2,39,0.8,0,0.06,1.26,0.03,0,99,0,0.48,9.45,0.19,0,0,0,0,Cardium
100082805418W500,100/08-28-054-18W5/00,2022-11-01,1.1,28.9,0.4,0,0.04,0.96,0.01,0,60,0,0.44,11.56,0.16,0,0,0,0,Cardium
100082805418W500,100/08-28-054-18W5/00,2022-12-01,0,26.9,0,0,0,0.87,0,0,47,0,0,13.74,0,0,0,0,0,Cardium
100082805418W500,100/08-28-054-18W5/00,2023-01-01,3.9,18.1,1.5,0,0.13,0.58,0.05,0,38,0,2.46,11.43,0.95,0,0,0,0,Cardium
100082805418W500,100/08-28-054-18W5/00,2023-02-01,0,29.9,0,0,0,1.07,0,0,65,0,0,11.04,0,0,0,0,0,Cardium
100082805418W500,100/08-28-054-18W5/00,2023-03-01,1.4,16.8,0.5,0,0.05,0.54,0.02,0,37,0,0.91,10.9,0.32,0,0,0,0,Cardium
100082805418W500,100/08-28-054-18W5/00,2023-04-01,1.1,27.2,0.4,0,0.04,0.91,0.01,0,56,0,0.47,11.66,0.17,0,0,0,0,Cardium
100082805418W500,100/08-28-054-18W5/00,2023-05-01,0,21,0,0,0,0.68,0,0,744,0,0,0.68,0,0,0,0,0,Cardium
100082805418W500,100/08-28-054-18W5/00,2023-06-01,0.3,10.4,0.1,0,0.01,0.35,0,0,408,0,0.02,0.61,0.01,0,0,0,0,Cardium
100082805418W500,100/08-28-054-18W5/00,2023-07-01,0,16.6,0,0,0,0.54,0,0,408,0,0,0.98,0,0,0,0,0,Cardium
100082805418W500,100/08-28-054-18W5/00,2023-08-01,0,19.6,0,0,0,0.63,0,0,57,0,0,8.25,0,0,0,0,0,Cardium
100082805418W500,100/08-28-054-18W5/00,2023-09-01,3,0,0,0,0.1,0,0,0,24,0,3,0,0,0,0,0,0,Cardium
100100706021W502,100/10-07-060-21W5/02,2022-05-01,0,98.4,7.1,0,0,3.17,0.23,0,534,0,0,4.42,0.32,0,0,0,0,Gething
100100706021W502,100/10-07-060-21W5/02,2022-06-01,0,94.4,11,0,0,3.15,0.37,0,563,0,0,4.02,0.47,0,0,0,0,Gething
100100706021W502,100/10-07-060-21W5/02,2022-07-01,0,92.1,10.1,0,0,2.97,0.33,0,370,0,0,5.97,0.66,0,0,0,0,Gething
100100706021W502,100/10-07-060-21W5/02,2022-08-01,0,85.5,0,0,0,2.76,0,0,323,0,0,6.35,0,0,0,0,0,Gething
100100706021W502,100/10-07-060-21W5/02,2022-09-01,0,100.4,20.9,0,0,3.35,0.7,0,130,0,0,18.54,3.86,0,0,0,0,Gething
100100706021W502,100/10-07-060-21W5/02,2022-10-01,0,102.5,22.4,0,0,3.31,0.72,0,139,0,0,17.7,3.87,0,0,0,0,Gething
100100706021W502,100/10-07-060-21W5/02,2022-11-01,0,91.9,12.4,0,0,3.06,0.41,0,124,0,0,17.79,2.4,0,0,0,0,Gething
100100706021W502,100/10-07-060-21W5/02,2022-12-01,0,92.2,0,0,0,2.97,0,0,124,0,0,17.85,0,0,0,0,0,Gething
100100706021W502,100/10-07-060-21W5/02,2023-01-01,0,77.7,12.6,0,0,2.51,0.41,0,100,0,0,18.65,3.02,0,0,0,0,Gething
100100706021W502,100/10-07-060-21W5/02,2023-02-01,0,38.4,0,0,0,1.37,0,0,44,0,0,20.95,0,0,0,0,0,Gething
100100706021W502,100/10-07-060-21W5/02,2023-03-01,0,61.2,10.9,0,0,1.97,0.35,0,101,0,0,14.54,2.59,0,0,0,0,Gething
100100706021W502,100/10-07-060-21W5/02,2023-04-01,0,68.2,0,0,0,2.27,0,0,136,0,0,12.04,0,0,0,0,0,Gething
100100706021W502,100/10-07-060-21W5/02,2023-05-01,0,55.7,7,0,0,1.8,0.23,0,552,0,0,2.42,0.3,0,0,0,0,Gething
100100706021W502,100/10-07-060-21W5/02,2023-06-01,0,61.3,0,0,0,2.04,0,0,720,0,0,2.04,0,0,0,0,0,Gething
100100706021W502,100/10-07-060-21W5/02,2023-07-01,0,58.5,0,0,0,1.89,0,0,696,0,0,2.02,0,0,0,0,0,Gething
100100706021W502,100/10-07-060-21W5/02,2023-08-01,0,54.6,3.3,0,0,1.76,0.11,0,672,0,0,1.95,0.12,0,0,0,0,Gething
100100706021W502,100/10-07-060-21W5/02,2023-09-01,0,0,2.6,0,0,0,0.09,0,24,0,0,0,2.6,0,0,0,0,Gething
100100906021W502,100/10-09-060-21W5/02,2022-01-01,0,253.7,0,0,0,8.18,0,0,495,0,0,12.3,0,0,0,0,0,"Gething, Cadomin"
100100906021W502,100/10-09-060-21W5/02,2022-02-01,0,246.4,0,0,0,8.8,0,0,590,0,0,10.02,0,0,0,0,0,"Gething, Cadomin"
100100906021W502,100/10-09-060-21W5/02,2022-03-01,0,242.1,17.9,0,0,7.81,0.58,0,641,0,0,9.06,0.67,0,0,0,0,"Gething, Cadomin"
100100906021W502,100/10-09-060-21W5/02,2022-04-01,0,210.4,0,0,0,7.01,0,0,563,0,0,8.97,0,0,0,0,0,"Gething, Cadomin"
100100906021W502,100/10-09-060-21W5/02,2022-05-01,0,224.6,1.4,0,0,7.25,0.05,0,534,0,0,10.09,0.06,0,0,0,0,"Gething, Cadomin"
100100906021W502,100/10-09-060-21W5/02,2022-06-01,0,206.9,0,0,0,6.9,0,0,563,0,0,8.82,0,0,0,0,0,"Gething, Cadomin"
100100906021W502,100/10-09-060-21W5/02,2022-07-01,0,185,14.8,0,0,5.97,0.48,0,515,0,0,8.62,0.69,0,0,0,0,"Gething, Cadomin"
100100906021W502,100/10-09-060-21W5/02,2022-08-01,0,190.5,0,0,0,6.15,0,0,554,0,0,8.25,0,0,0,0,0,"Gething, Cadomin"
100100906021W502,100/10-09-060-21W5/02,2022-09-01,0,177.5,16.8,0,0,5.92,0.56,0,545,0,0,7.82,0.74,0,0,0,0,"Gething, Cadomin"
100100906021W502,100/10-09-060-21W5/02,2022-10-01,0,170.8,0,0,0,5.51,0,0,548,0,0,7.48,0,0,0,0,0,"Gething, Cadomin"
100100906021W502,100/10-09-060-21W5/02,2022-11-01,0,151.3,0,0,0,5.04,0,0,496,0,0,7.32,0,0,0,0,0,"Gething, Cadomin"
100100906021W502,100/10-09-060-21W5/02,2022-12-01,0,139.3,0,0,0,4.49,0,0,432,0,0,7.74,0,0,0,0,0,"Gething, Cadomin"
100100906021W502,100/10-09-060-21W5/02,2023-01-01,0,122.6,14.9,0,0,3.95,0.48,0,349,0,0,8.43,1.02,0,0,0,0,"Gething, Cadomin"
100100906021W502,100/10-09-060-21W5/02,2023-02-01,0,119.2,0,0,0,4.26,0,0,345,0,0,8.29,0,0,0,0,0,"Gething, Cadomin"
100100906021W502,100/10-09-060-21W5/02,2023-03-01,0,87.8,12,0,0,2.83,0.39,0,345,0,0,6.11,0.83,0,0,0,0,"Gething, Cadomin"
100100906021W502,100/10-09-060-21W5/02,2023-04-01,0,88.4,0,0,0,2.95,0,0,345,0,0,6.15,0,0,0,0,0,"Gething, Cadomin"
100100906021W502,100/10-09-060-21W5/02,2023-05-01,0,82.8,0,0,0,2.67,0,0,552,0,0,3.6,0,0,0,0,0,"Gething, Cadomin"
100100906021W502,100/10-09-060-21W5/02,2023-06-01,0,105.7,0,0,0,3.52,0,0,720,0,0,3.52,0,0,0,0,0,"Gething, Cadomin"
100100906021W502,100/10-09-060-21W5/02,2023-07-01,0,96.4,0,0,0,3.11,0,0,744,0,0,3.11,0,0,0,0,0,"Gething, Cadomin"
100100906021W502,100/10-09-060-21W5/02,2023-08-01,0,0.1,0,0,0,0,0,0,744,0,0,0,0,0,0,0,0,"Gething, Cadomin"
100101406420W500,100/10-14-064-20W5/00,2022-01-01,0,466.7,0,0,0,15.05,0,0,591,0,0,18.95,0,0,0,0,0,Notikewin
100101406420W500,100/10-14-064-20W5/00,2022-02-01,0,293.8,0,0,0,10.49,0,0,643,0,0,10.97,0,0,0,0,0,Notikewin
100101406420W500,100/10-14-064-20W5/00,2022-03-01,0,340.8,0,0,0,10.99,0,0,743,0,0,11.01,0,0,0,0,0,Notikewin
100101406420W500,100/10-14-064-20W5/00,2022-04-01,0,332.2,0,0,0,11.07,0,0,720,0,0,11.07,0,0,0,0,0,Notikewin
100101406420W500,100/10-14-064-20W5/00,2022-05-01,0,332.8,0,0,0,10.74,0,0,742,0,0,10.76,0,0,0,0,0,Notikewin
100101406420W500,100/10-14-064-20W5/00,2022-06-01,0,328.3,0,0,0,10.94,0,0,719,0,0,10.96,0,0,0,0,0,Notikewin
100101406420W500,100/10-14-064-20W5/00,2022-07-01,0,335.7,0,0,0,10.83,0,0,728,0,0,11.07,0,0,0,0,0,Notikewin
100101406420W500,100/10-14-064-20W5/00,2022-08-01,0,333.4,0,0,0,10.75,0,0,718,0,0,11.14,0,0,0,0,0,Notikewin
100101406420W500,100/10-14-064-20W5/00,2022-09-01,0,323.3,0,0,0,10.78,0,0,683,0,0,11.36,0,0,0,0,0,Notikewin
100101406420W500,100/10-14-064-20W5/00,2022-10-01,0,326.3,0,0,0,10.53,0,0,693,0,0,11.3,0,0,0,0,0,Notikewin
100101406420W500,100/10-14-064-20W5/00,2022-11-01,0,181.4,0,0,0,6.05,0,0,681,0,0,6.39,0,0,0,0,0,Notikewin
100101406420W500,100/10-14-064-20W5/00,2022-12-01,0,117.8,0,0,0,3.8,0,0,645,0,0,4.38,0,0,0,0,0,Notikewin
100101406420W500,100/10-14-064-20W5/00,2023-01-01,0,61,0,0,0,1.97,0,0,535,0,0,2.74,0,0,0,0,0,Notikewin
100101406420W500,100/10-14-064-20W5/00,2023-02-01,0,40.1,0,0,0,1.43,0,0,332,0,0,2.9,0,0,0,0,0,Notikewin
100101406420W500,100/10-14-064-20W5/00,2023-03-01,0,457.8,0,0,0,14.77,0,0,700,0,0,15.7,0,0,0,0,0,Notikewin
100101406420W500,100/10-14-064-20W5/00,2023-04-01,0,299.2,0,0,0,9.97,0,0,668,0,0,10.75,0,0,0,0,0,Notikewin
100101406420W500,100/10-14-064-20W5/00,2023-05-01,0,48.1,0,0,0,1.55,0,0,110,0,0,10.49,0,0,0,0,0,Notikewin
100102406420W500,100/10-24-064-20W5/00,2022-01-01,0,85.1,0,0,0,2.75,0,0,297,0,0,6.88,0,0,0,0,0,Mannville
100102406420W500,100/10-24-064-20W5/00,2022-02-01,0,191.4,0,0,0,6.84,0,0,668,0,0,6.88,0,0,0,0,0,Mannville
100102406420W500,100/10-24-064-20W5/00,2022-03-01,0,217.3,0,0,0,7.01,0,0,743,0,0,7.02,0,0,0,0,0,Mannville
100102406420W500,100/10-24-064-20W5/00,2022-04-01,0,208.9,0,0,0,6.96,0,0,720,0,0,6.96,0,0,0,0,0,Mannville
100102406420W500,100/10-24-064-20W5/00,2022-05-01,0,211.7,0,0,0,6.83,0,0,744,0,0,6.83,0,0,0,0,0,Mannville
100102406420W500,100/10-24-064-20W5/00,2022-06-01,0,217.7,0,0,0,7.26,0,0,720,0,0,7.26,0,0,0,0,0,Mannville
100102406420W500,100/10-24-064-20W5/00,2022-07-01,0,216.9,0,0,0,7,0,0,740,0,0,7.03,0,0,0,0,0,Mannville
100102406420W500,100/10-24-064-20W5/00,2022-08-01,0,210.6,0,0,0,6.79,0,0,743,0,0,6.8,0,0,0,0,0,Mannville
100102406420W500,100/10-24-064-20W5/00,2022-09-01,0,208,0,0,0,6.93,0,0,717,0,0,6.96,0,0,0,0,0,Mannville
100102406420W500,100/10-24-064-20W5/00,2022-10-01,0,210,0,0,0,6.77,0,0,741,0,0,6.8,0,0,0,0,0,Mannville
100102406420W500,100/10-24-064-20W5/00,2022-11-01,0,198.9,0,0,0,6.63,0,0,697,0,0,6.85,0,0,0,0,0,Mannville
100102406420W500,100/10-24-064-20W5/00,2022-12-01,0,202.8,0,0,0,6.54,0,0,716,0,0,6.8,0,0,0,0,0,Mannville
100102406420W500,100/10-24-064-20W5/00,2023-01-01,0,215.3,0,0,0,6.95,0,0,486,0,0,10.63,0,0,0,0,0,Mannville
100102406420W500,100/10-24-064-20W5/00,2023-02-01,0,42.6,0,0,0,1.52,0,0,455,0,0,2.25,0,0,0,0,0,Mannville
100102406420W500,100/10-24-064-20W5/00,2023-03-01,0,319.2,0,0,0,10.3,0,0,743,0,0,10.31,0,0,0,0,0,Mannville
100102406420W500,100/10-24-064-20W5/00,2023-04-01,0,120.9,0,0,0,4.03,0,0,542,0,0,5.35,0,0,0,0,0,Mannville
100102406420W500,100/10-24-064-20W5/00,2023-05-01,0,10.6,0,0,0,0.34,0,0,105,0,0,2.42,0,0,0,0,0,Mannville
100103105418W500,100/10-31-054-18W5/00,2023-01-01,0.7,1.9,0,0,0.02,0.06,0,0,24,0,0.7,1.9,0,0,0,0,0,Cardium
100110105720W500,100/11-01-057-20W5/00,2022-01-01,0,4.8,0,0,0,0.15,0,0,17,0,0,6.78,0,0,0,0,0,Cardium
100110105720W500,100/11-01-057-20W5/00,2022-02-01,0,26.5,0,0,0,0.95,0,0,60,0,0,10.6,0,0,0,0,0,Cardium
100110105720W500,100/11-01-057-20W5/00,2022-03-01,0,20.2,0,0,0,0.65,0,0,47,0,0,10.31,0,0,0,0,0,Cardium
100110105720W500,100/11-01-057-20W5/00,2022-04-01,0,27.2,0,0,0,0.91,0,0,90,0,0,7.25,0,0,0,0,0,Cardium
100110105720W500,100/11-01-057-20W5/00,2022-05-01,29.6,26.9,1.4,0,0.95,0.87,0.05,0,744,0,0.95,0.87,0.05,0,0,0,0,Cardium
100110105720W500,100/11-01-057-20W5/00,2022-06-01,12.2,21.7,0.5,0,0.41,0.72,0.02,0,67,0,4.37,7.77,0.18,0,0,0,0,Cardium
100110105720W500,100/11-01-057-20W5/00,2022-07-01,13.2,29.1,1.5,0,0.43,0.94,0.05,0,96,0,3.3,7.28,0.38,0,0,0,0,Cardium
100110105720W500,100/11-01-057-20W5/00,2022-08-01,9.4,28.1,0,0,0.3,0.91,0,0,73,0,3.09,9.24,0,0,0,0,0,Cardium
100110105720W500,100/11-01-057-20W5/00,2022-09-01,11.3,28.3,0,0,0.38,0.94,0,0,37,0,7.33,18.36,0,0,0,0,0,Cardium
100110105720W500,100/11-01-057-20W5/00,2022-10-01,9.8,30.3,0,0,0.32,0.98,0,0,43,0,5.47,16.91,0,0,0,0,0,Cardium
100110105720W500,100/11-01-057-20W5/00,2022-11-01,16.5,28.6,0.2,0,0.55,0.95,0.01,0,43,0,9.21,15.96,0.11,0,0,0,0,Cardium
100110105720W500,100/11-01-057-20W5/00,2022-12-01,6.5,28.3,0.2,0,0.21,0.91,0.01,0,43,0,3.63,15.8,0.11,0,0,0,0,Cardium
100110105720W500,100/11-01-057-20W5/00,2023-01-01,12.8,28.1,0.3,0,0.41,0.91,0.01,0,744,0,0.41,0.91,0.01,0,0,0,0,Cardium
100110105720W500,100/11-01-057-20W5/00,2023-02-01,9.8,25.9,0.4,0,0.35,0.93,0.01,0,36,0,6.53,17.27,0.27,0,0,0,0,Cardium
100110105720W500,100/11-01-057-20W5/00,2023-03-01,10.9,31.2,0.1,0,0.35,1.01,0,0,43,0,6.08,17.41,0.06,0,0,0,0,Cardium
100110105720W500,100/11-01-057-20W5/00,2023-04-01,9.5,29.2,0.3,0,0.32,0.97,0.01,0,41,0,5.56,17.09,0.18,0,0,0,0,Cardium
100110105720W500,100/11-01-057-20W5/00,2023-05-01,0,28.1,0,0,0,0.91,0,0,672,0,0,1,0,0,0,0,0,Cardium
100110105720W500,100/11-01-057-20W5/00,2023-06-01,13.5,13.3,0.6,0,0.45,0.44,0.02,0,336,0,0.96,0.95,0.04,0,0,0,0,Cardium
100110105720W500,100/11-01-057-20W5/00,2023-07-01,7.9,22.5,0.3,0,0.25,0.73,0.01,0,336,0,0.56,1.61,0.02,0,0,0,0,Cardium
100111905320W500,100/11-19-053-20W5/00,2022-01-01,0,195.8,6.6,0,0,6.32,0.21,0,744,0,0,6.32,0.21,0,0,0,0,Cardium
100111905320W500,100/11-19-053-20W5/00,2022-02-01,0,148.3,4,0,0,5.3,0.14,0,672,0,0,5.3,0.14,0,0,0,0,Cardium
100111905320W500,100/11-19-053-20W5/00,2022-03-01,0,163.2,5.7,0,0,5.26,0.18,0,744,0,0,5.26,0.18,0,0,0,0,Cardium
100111905320W500,100/11-19-053-20W5/00,2022-04-01,0,130.4,0.2,0,0,4.35,0.01,0,696,0,0,4.5,0.01,0,0,0,0,Cardium
100111905320W500,100/11-19-053-20W5/00,2022-05-01,0,127.2,5.3,0,0,4.1,0.17,0,744,0,0,4.1,0.17,0,0,0,0,Cardium
100111905320W500,100/11-19-053-20W5/00,2022-06-01,0,124.6,2,0,0,4.15,0.07,0,720,0,0,4.15,0.07,0,0,0,0,Cardium
100111905320W500,100/11-19-053-20W5/00,2022-07-01,0,16.2,0.3,0,0,0.52,0.01,0,192,0,0,2.03,0.04,0,0,0,0,Cardium
100111905320W500,100/11-19-053-20W5/00,2022-08-01,0,0.6,0,0,0,0.02,0,0,48,0,0,0.3,0,0,0,0,0,Cardium
100111905320W500,100/11-19-053-20W5/00,2022-09-01,0,123.9,2.5,0,0,4.13,0.08,0,408,0,0,7.29,0.15,0,0,0,0,Cardium
100111905320W500,100/11-19-053-20W5/00,2022-10-01,0,153.7,4.9,0,0,4.96,0.16,0,720,0,0,5.12,0.16,0,0,0,0,Cardium
100111905320W500,100/11-19-053-20W5/00,2022-11-01,0,134.6,3,0,0,4.49,0.1,0,720,0,0,4.49,0.1,0,0,0,0,Cardium
100111905320W500,100/11-19-053-20W5/00,2022-12-01,0,90.4,2.6,0,0,2.92,0.08,0,672,0,0,3.23,0.09,0,0,0,0,Cardium
100111905320W500,100/11-19-053-20W5/00,2023-01-01,0,98.7,3.7,0,0,3.18,0.12,0,744,0,0,3.18,0.12,0,0,0,0,Cardium
100111905320W500,100/11-19-053-20W5/00,2023-02-01,0,84.2,1.3,0,0,3.01,0.05,0,672,0,0,3.01,0.05,0,0,0,0,Cardium
100111905320W500,100/11-19-053-20W5/00,2023-03-01,0,85.2,3.3,0,0,2.75,0.11,0,744,0,0,2.75,0.11,0,0,0,0,Cardium
100111905320W500,100/11-19-053-20W5/00,2023-04-01,0,76.4,1.4,0,0,2.55,0.05,0,720,0,0,2.55,0.05,0,0,0,0,Cardium
100111905320W500,100/11-19-053-20W5/00,2023-05-01,0,84,2.2,0,0,2.71,0.07,0,744,0,0,2.71,0.07,0,0,0,0,Cardium
100111905320W500,100/11-19-053-20W5/00,2023-06-01,0,60.9,1,0,0,2.03,0.03,0,720,0,0,2.03,0.03,0,0,0,0,Cardium
100111905320W500,100/11-19-053-20W5/00,2023-07-01,0,82.9,3.2,0,0,2.67,0.1,0,744,0,0,2.67,0.1,0,0,0,0,Cardium
100111905320W500,100/11-19-053-20W5/00,2023-08-01,0,79.8,8.3,0,0,2.57,0.27,0,744,0,0,2.57,0.27,0,0,0,0,Cardium
100111905320W500,100/11-19-053-20W5/00,2023-09-01,0,35.3,0.6,0,0,1.18,0.02,0,720,0,0,1.18,0.02,0,0,0,0,Cardium
100111905320W500,100/11-19-053-20W5/00,2023-10-01,0,84.8,1,0,0,2.74,0.03,0,744,0,0,2.74,0.03,0,0,0,0,Cardium
100111905320W500,100/11-19-053-20W5/00,2023-11-01,0,80.8,7.8,0,0,2.69,0.26,0,720,0,0,2.69,0.26,0,0,0,0,Cardium
100111905320W500,100/11-19-053-20W5/00,2023-12-01,0,18.3,3.3,0,0,0.59,0.11,0,744,0,0,0.59,0.11,0,0,0,0,Cardium
100113105619W502,100/11-31-056-19W5/02,2022-10-01,0,3.6,0,0,0,0.12,0,0,9,0,0,9.6,0,0,0,0,0,Cardium
100113105619W502,100/11-31-056-19W5/02,2023-05-01,35,0,0,0,1.13,0,0,0,744,0,1.13,0,0,0,0,0,0,Cardium
100113105619W502,100/11-31-056-19W5/02,2023-07-01,0,0.2,0,0,0,0.01,0,0,6,0,0,0.8,0,0,0,0,0,Cardium
100113105619W502,100/11-31-056-19W5/02,2023-09-01,0,0,0.4,0,0,0,0.01,0,24,0,0,0,0.4,0,0,0,0,Cardium
100120605319W500,100/12-06-053-19W5/00,2022-02-01,0,64.1,0,0,0,2.29,0,0,231,0,0,6.66,0,0,0,0,0,Cardium
100120605319W500,100/12-06-053-19W5/00,2022-03-01,0,55.6,0,0,0,1.79,0,0,125,0,0,10.68,0,0,0,0,0,Cardium
100120605319W500,100/12-06-053-19W5/00,2022-04-01,41.6,95.6,0.2,0,1.39,3.19,0.01,0,278,0,3.59,8.25,0.02,0,0,0,0,Cardium
100120605319W500,100/12-06-053-19W5/00,2022-05-01,9,58.6,0.4,0,0.29,1.89,0.01,0,181,0,1.19,7.77,0.05,0,0,0,0,Cardium
100120605319W500,100/12-06-053-19W5/00,2022-06-01,5,61.1,0.3,0,0.17,2.04,0.01,0,208,0,0.58,7.05,0.03,0,0,0,0,Cardium
100120605319W500,100/12-06-053-19W5/00,2022-07-01,0,60.3,0,0,0,1.95,0,0,195,0,0,7.42,0,0,0,0,0,Cardium
100120605319W500,100/12-06-053-19W5/00,2022-08-01,10.7,32.6,0,0,0.35,1.05,0,0,114,0,2.25,6.86,0,0,0,0,0,Cardium
100120605319W500,100/12-06-053-19W5/00,2022-09-01,20.3,76.3,0.8,0,0.68,2.54,0.03,0,528,0,0.92,3.47,0.04,0,0,0,0,Cardium
100120605319W500,100/12-06-053-19W5/00,2022-10-01,1.5,11.1,0.1,0,0.05,0.36,0,0,528,0,0.07,0.5,0,0,0,0,0,Cardium
100120605319W500,100/12-06-053-19W5/00,2022-11-01,2.7,14.3,0.1,0,0.09,0.48,0,0,528,0,0.12,0.65,0,0,0,0,0,Cardium
100120605319W500,100/12-06-053-19W5/00,2022-12-01,3.2,32.1,0.1,0,0.1,1.04,0,0,81,0,0.95,9.51,0.03,0,0,0,0,Cardium
100120605319W500,100/12-06-053-19W5/00,2023-01-01,25,86.9,0,0,0.81,2.8,0,0,221,0,2.71,9.44,0,0,0,0,0,Cardium
100120605319W500,100/12-06-053-19W5/00,2023-02-01,18.1,69.4,0,0,0.65,2.48,0,0,274,0,1.59,6.08,0,0,0,0,0,Cardium
100120605319W500,100/12-06-053-19W5/00,2023-03-01,5.8,47.4,0,0,0.19,1.53,0,0,180,0,0.77,6.32,0,0,0,0,0,Cardium
100120605319W500,100/12-06-053-19W5/00,2023-04-01,2.5,12.2,0,0,0.08,0.41,0,0,18,0,3.33,16.27,0,0,0,0,0,Cardium
100120605319W500,100/12-06-053-19W5/00,2023-05-01,1.1,64.3,0,0,0.04,2.07,0,0,336,0,0.08,4.59,0,0,0,0,0,Cardium
100120605319W500,100/12-06-053-19W5/00,2023-06-01,14.4,24.1,1,0,0.48,0.8,0.03,0,216,0,1.6,2.68,0.11,0,0,0,0,Cardium
100120605319W500,100/12-06-053-19W5/00,2023-07-01,16.4,23.2,0.4,0,0.53,0.75,0.01,0,216,0,1.82,2.58,0.04,0,0,0,0,Cardium
100121906419W500,100/12-19-064-19W5/00,2022-01-01,0,7.8,0,0,0,0.25,0,0,16,0,0,11.7,0,0,0,0,0,Mannville
100121906419W500,100/12-19-064-19W5/00,2022-02-01,0,21.2,0,0,0,0.76,0,0,271,0,0,1.88,0,0,0,0,0,Mannville
100121906419W500,100/12-19-064-19W5/00,2022-03-01,0,3.4,0,0,0,0.11,0,0,19,0,0,4.29,0,0,0,0,0,Mannville
100121906419W500,100/12-19-064-19W5/00,2022-04-01,0,1.3,0,0,0,0.04,0,0,14,0,0,2.23,0,0,0,0,0,Mannville
100121906419W500,100/12-19-064-19W5/00,2022-05-01,0,3.2,0,0,0,0.1,0,0,21,0,0,3.66,0,0,0,0,0,Mannville
100121906419W500,100/12-19-064-19W5/00,2022-06-01,0,1,0,0,0,0.03,0,0,14,0,0,1.71,0,0,0,0,0,Mannville
100121906419W500,100/12-19-064-19W5/00,2022-07-01,0,1,0,0,0,0.03,0,0,12,0,0,2,0,0,0,0,0,Mannville
100121906419W500,100/12-19-064-19W5/00,2022-08-01,0,1.2,0,0,0,0.04,0,0,16,0,0,1.8,0,0,0,0,0,Mannville
100121906419W500,100/12-19-064-19W5/00,2022-09-01,0,0.8,0,0,0,0.03,0,0,9,0,0,2.13,0,0,0,0,0,Mannville
100121906419W500,100/12-19-064-19W5/00,2022-10-01,0,1,0,0,0,0.03,0,0,16,0,0,1.5,0,0,0,0,0,Mannville
100121906419W500,100/12-19-064-19W5/00,2022-11-01,0,1.7,0,0,0,0.06,0,0,13,0,0,3.14,0,0,0,0,0,Mannville
100121906419W500,100/12-19-064-19W5/00,2023-01-01,0,215.4,0,0,0,6.95,0,0,486,0,0,10.64,0,0,0,0,0,Mannville
100121906419W500,100/12-19-064-19W5/00,2023-03-01,0,22.8,0,0,0,0.74,0,0,144,0,0,3.8,0,0,0,0,0,Mannville
100121906419W500,100/12-19-064-19W5/00,2023-04-01,0,2.6,0,0,0,0.09,0,0,38,0,0,1.64,0,0,0,0,0,Mannville
100121906419W500,100/12-19-064-19W5/00,2023-05-01,0,0.2,0,0,0,0.01,0,0,2,0,0,2.4,0,0,0,0,0,Mannville
100122105519W500,100/12-21-055-19W5/00,2022-01-01,0,4.5,0,0,0,0.15,0,0,24,0,0,4.5,0,0,0,0,0,Notikewin
100122105519W500,100/12-21-055-19W5/00,2022-02-01,0,128.1,0,0,0,4.58,0,0,448,0,0,6.86,0,0,0,0,0,Notikewin
100122105519W500,100/12-21-055-19W5/00,2022-03-01,0,166.1,0,0,0,5.36,0,0,732,0,0,5.45,0,0,0,0,0,Notikewin
100122105519W500,100/12-21-055-19W5/00,2022-04-01,0,155.6,0,0,0,5.19,0,0,716,0,0,5.22,0,0,0,0,0,Notikewin
100122105519W500,100/12-21-055-19W5/00,2022-05-01,0,147.6,0,0,0,4.76,0,0,664,0,0,5.33,0,0,0,0,0,Notikewin
100122105519W500,100/12-21-055-19W5/00,2022-06-01,0,150.8,0,0,0,5.03,0,0,714,0,0,5.07,0,0,0,0,0,Notikewin
100122105519W500,100/12-21-055-19W5/00,2022-07-01,0,145.5,0,0,0,4.69,0,0,738,0,0,4.73,0,0,0,0,0,Notikewin
100122105519W500,100/12-21-055-19W5/00,2022-08-01,0,147.5,0,0,0,4.76,0,0,734,0,0,4.82,0,0,0,0,0,Notikewin
100122105519W500,100/12-21-055-19W5/00,2022-09-01,0,138.9,0,0,0,4.63,0,0,714,0,0,4.67,0,0,0,0,0,Notikewin
100122105519W500,100/12-21-055-19W5/00,2022-10-01,0,142.8,0,0,0,4.61,0,0,741,0,0,4.63,0,0,0,0,0,Notikewin
100122105519W500,100/12-21-055-19W5/00,2022-11-01,0,140.8,0,0,0,4.69,0,0,697,0,0,4.85,0,0,0,0,0,Notikewin
100122105519W500,100/12-21-055-19W5/00,2022-12-01,0,101.7,0,0,0,3.28,0,0,461,0,0,5.29,0,0,0,0,0,Notikewin
100122105519W500,100/12-21-055-19W5/00,2023-01-01,0,113.9,0,0,0,3.67,0,0,447,0,0,6.12,0,0,0,0,0,Notikewin
100122105519W500,100/12-21-055-19W5/00,2023-02-01,0,116.7,0,0,0,4.17,0,0,522,0,0,5.37,0,0,0,0,0,Notikewin
100122105519W500,100/12-21-055-19W5/00,2023-03-01,0,123.2,0,0,0,3.97,0,0,467,0,0,6.33,0,0,0,0,0,Notikewin
100122105519W500,100/12-21-055-19W5/00,2023-04-01,0,128.3,0,0,0,4.28,0,0,558,0,0,5.52,0,0,0,0,0,Notikewin
100122105519W500,100/12-21-055-19W5/00,2023-05-01,0,119,0,0,0,3.84,0,0,576,0,0,4.96,0,0,0,0,0,Notikewin
100122105519W500,100/12-21-055-19W5/00,2023-06-01,0,137.3,0,0,0,4.58,0,0,672,0,0,4.9,0,0,0,0,0,Notikewin
100122105519W500,100/12-21-055-19W5/00,2023-07-01,0,154.6,0,0,0,4.99,0,0,672,0,0,5.52,0,0,0,0,0,Notikewin
100122105519W500,100/12-21-055-19W5/00,2023-08-01,0,94.1,0,0,0,3.04,0,0,480,0,0,4.71,0,0,0,0,0,Notikewin
100123005518W500,100/12-30-055-18W5/00,2022-01-01,0,15.8,0,0,0,0.51,0,0,744,0,0,0.51,0,0,0,0,0,Cardium
100123005518W500,100/12-30-055-18W5/00,2022-02-01,0,18.3,0,0,0,0.65,0,0,576,0,0,0.76,0,0,0,0,0,Cardium
100123005518W500,100/12-30-055-18W5/00,2022-03-01,0,17.1,0,0,0,0.55,0,0,576,0,0,0.71,0,0,0,0,0,Cardium
100123005518W500,100/12-30-055-18W5/00,2022-04-01,0,25.6,0,0,0,0.85,0,0,576,0,0,1.07,0,0,0,0,0,Cardium
100123005518W500,100/12-30-055-18W5/00,2022-05-01,0,38.8,0,0,0,1.25,0,0,77,0,0,12.09,0,0,0,0,0,Cardium
100123005518W500,100/12-30-055-18W5/00,2022-06-01,0,36.9,0,0,0,1.23,0,0,74,0,0,11.97,0,0,0,0,0,Cardium
100123005518W500,100/12-30-055-18W5/00,2022-07-01,0,38.2,0,0,0,1.23,0,0,77,0,0,11.91,0,0,0,0,0,Cardium
100123005518W500,100/12-30-055-18W5/00,2022-08-01,0,40.6,0,0,0,1.31,0,0,85,0,0,11.46,0,0,0,0,0,Cardium
100123005518W500,100/12-30-055-18W5/00,2022-09-01,0,73.2,0,0,0,2.44,0,0,185,0,0,9.5,0,0,0,0,0,Cardium
100123005518W500,100/12-30-055-18W5/00,2022-10-01,0,74.7,0,0,0,2.41,0,0,192,0,0,9.34,0,0,0,0,0,Cardium
100123005518W500,100/12-30-055-18W5/00,2022-11-01,27.9,67.6,10.3,0,0.93,2.25,0.34,0,178,0,3.76,9.11,1.39,0,0,0,0,Cardium
100123005518W500,100/12-30-055-18W5/00,2022-12-01,4.5,48.5,0,0,0.15,1.56,0,0,135,0,0.8,8.62,0,0,0,0,0,Cardium
100123005518W500,100/12-30-055-18W5/00,2023-01-01,5.2,71.8,0,0,0.17,2.32,0,0,175,0,0.71,9.85,0,0,0,0,0,Cardium
100123005518W500,100/12-30-055-18W5/00,2023-02-01,0,68.8,0,0,0,2.46,0,0,168,0,0,9.83,0,0,0,0,0,Cardium
100123005518W500,100/12-30-055-18W5/00,2023-03-01,0,77.4,0,0,0,2.5,0,0,187,0,0,9.93,0,0,0,0,0,Cardium
100123005518W500,100/12-30-055-18W5/00,2023-04-01,16.9,73.8,0,0,0.56,2.46,0,0,180,0,2.25,9.84,0,0,0,0,0,Cardium
100123005518W500,100/12-30-055-18W5/00,2023-05-01,3.9,64.4,0,0,0.13,2.08,0,0,648,0,0.14,2.39,0,0,0,0,0,Cardium
100123005518W500,100/12-30-055-18W5/00,2023-06-01,4.7,22.7,0,0,0.16,0.76,0,0,240,0,0.47,2.27,0,0,0,0,0,Cardium
100123005518W500,100/12-30-055-18W5/00,2023-07-01,0,54.8,0,0,0,1.77,0,0,240,0,0,5.48,0,0,0,0,0,Cardium
100123005518W500,100/12-30-055-18W5/00,2023-08-01,0.9,78.1,7.9,0,0.03,2.52,0.25,0,744,0,0.03,2.52,0.25,0,0,0,0,Cardium
100131405720W500,100/13-14-057-20W5/00,2022-01-01,0,23.4,0,0,0,0.75,0,0,305,0,0,1.84,0,0,0,0,0,Cardium
100131405720W500,100/13-14-057-20W5/00,2022-02-01,24.6,77.9,0,0,0.88,2.78,0,0,489,0,1.21,3.82,0,0,0,0,0,Cardium
100131405720W500,100/13-14-057-20W5/00,2022-08-01,1.3,0,0,0,0.04,0,0,0,744,0,0.04,0,0,0,0,0,0,Cardium
100131405720W500,100/13-14-057-20W5/00,2022-09-01,24.5,134.3,16.3,0,0.82,4.48,0.54,0,720,0,0.82,4.48,0.54,0,0,0,0,Cardium
100131405720W500,100/13-14-057-20W5/00,2022-10-01,0,26.2,0,0,0,0.85,0,0,720,0,0,0.87,0,0,0,0,0,Cardium
100131405720W500,100/13-14-057-20W5/00,2022-11-01,38,127.8,0,0,1.27,4.26,0,0,720,0,1.27,4.26,0,0,0,0,0,Cardium
100131405720W500,100/13-14-057-20W5/00,2022-12-01,26.5,169.4,0.1,0,0.85,5.46,0,0,720,0,0.88,5.65,0,0,0,0,0,Cardium
100131405720W500,100/13-14-057-20W5/00,2023-01-01,25,171.5,1.9,0,0.81,5.53,0.06,0,744,0,0.81,5.53,0.06,0,0,0,0,Cardium
100131405720W500,100/13-14-057-20W5/00,2023-02-01,26.3,152.2,0,0,0.94,5.44,0,0,648,0,0.97,5.64,0,0,0,0,0,Cardium
100131405720W500,100/13-14-057-20W5/00,2023-03-01,0,75.5,0,0,0,2.44,0,0,634,0,0,2.86,0,0,0,0,0,Cardium
100131405720W500,100/13-14-057-20W5/00,2023-04-01,32.4,144.8,8.3,0,1.08,4.83,0.28,0,690,0,1.13,5.04,0.29,0,0,0,0,Cardium
100131405720W500,100/13-14-057-20W5/00,2023-05-01,25.3,151.6,2.9,0,0.82,4.89,0.09,0,672,0,0.9,5.41,0.1,0,0,0,0,Cardium
100131405720W500,100/13-14-057-20W5/00,2023-06-01,12,67.3,0.3,0,0.4,2.24,0.01,0,336,0,0.86,4.81,0.02,0,0,0,0,Cardium
100131405720W500,100/13-14-057-20W5/00,2023-07-01,17.1,98.4,0.7,0,0.55,3.17,0.02,0,336,0,1.22,7.03,0.05,0,0,0,0,Cardium
100131405720W500,100/13-14-057-20W5/00,2023-09-01,0,0,0.8,0,0,0,0.03,0,24,0,0,0,0.8,0,0,0,0,Cardium
100133305418W500,100/13-33-054-18W5/00,2022-02-01,0.6,2,0,0,0.02,0.07,0,0,141,0,0.1,0.34,0,0,0,0,0,Cardium
100133305418W500,100/13-33-054-18W5/00,2022-03-01,1.5,5.3,0,0,0.05,0.17,0,0,466,0,0.08,0.27,0,0,0,0,0,Cardium
100133305418W500,100/13-33-054-18W5/00,2022-04-01,1.5,4.7,0,0,0.05,0.16,0,0,456,0,0.08,0.25,0,0,0,0,0,Cardium
100133305418W500,100/13-33-054-18W5/00,2022-05-01,3.5,8,0,0,0.11,0.26,0,0,744,0,0.11,0.26,0,0,0,0,0,Cardium
100133305418W500,100/13-33-054-18W5/00,2022-07-01,3.1,22.2,1.7,0,0.1,0.72,0.05,0,703,0,0.11,0.76,0.06,0,0,0,0,Cardium
100133305418W500,100/13-33-054-18W5/00,2022-08-01,0.7,21,0.1,0,0.02,0.68,0,0,720,0,0.02,0.7,0,0,0,0,0,Cardium
100133305418W500,100/13-33-054-18W5/00,2022-09-01,0.2,27.4,0,0,0.01,0.91,0,0,624,0,0.01,1.05,0,0,0,0,0,Cardium
100133305418W500,100/13-33-054-18W5/00,2022-10-01,2.8,13.2,0.7,0,0.09,0.43,0.02,0,744,0,0.09,0.43,0.02,0,0,0,0,Cardium
100133305418W500,100/13-33-054-18W5/00,2022-11-01,3,13,0.5,0,0.1,0.43,0.02,0,696,0,0.1,0.45,0.02,0,0,0,0,Cardium
100133305418W500,100/13-33-054-18W5/00,2022-12-01,2.9,10.5,0.1,0,0.09,0.34,0,0,672,0,0.1,0.38,0,0,0,0,0,Cardium
100133305418W500,100/13-33-054-18W5/00,2023-01-01,2.9,8.9,0.4,0,0.09,0.29,0.01,0,480,0,0.15,0.45,0.02,0,0,0,0,Cardium
100133305418W500,100/13-33-054-18W5/00,2023-02-01,2.7,10.3,0.5,0,0.1,0.37,0.02,0,576,0,0.11,0.43,0.02,0,0,0,0,Cardium
100133305418W500,100/13-33-054-18W5/00,2023-03-01,2,9.8,0.4,0,0.06,0.32,0.01,0,552,0,0.09,0.43,0.02,0,0,0,0,Cardium
100133305418W500,100/13-33-054-18W5/00,2023-04-01,1.1,14.6,0.6,0,0.04,0.49,0.02,0,720,0,0.04,0.49,0.02,0,0,0,0,Cardium
100133305418W500,100/13-33-054-18W5/00,2023-05-01,1,17.7,0,0,0.03,0.57,0,0,624,0,0.04,0.68,0,0,0,0,0,Cardium
100133305418W500,100/13-33-054-18W5/00,2023-06-01,0.1,5.4,0,0,0,0.18,0,0,216,0,0.01,0.6,0,0,0,0,0,Cardium
100133305418W500,100/13-33-054-18W5/00,2023-08-01,0.4,26.1,0,0,0.01,0.84,0,0,744,0,0.01,0.84,0,0,0,0,0,Cardium
100140405518W500,100/14-04-055-18W5/00,2022-01-01,0,21.8,0,0,0,0.7,0,0,552,0,0,0.95,0,0,0,0,0,Cardium
100140405518W500,100/14-04-055-18W5/00,2022-02-01,0,24.1,0,0,0,0.86,0,0,597,0,0,0.97,0,0,0,0,0,Cardium
100140405518W500,100/14-04-055-18W5/00,2022-03-01,0,50.6,0,0,0,1.63,0,0,730,0,0,1.66,0,0,0,0,0,Cardium
100140405518W500,100/14-04-055-18W5/00,2022-04-01,0.4,13.6,0.1,0,0.01,0.45,0,0,720,0,0.01,0.45,0,0,0,0,0,Cardium
100140405518W500,100/14-04-055-18W5/00,2022-05-01,1.8,13.4,0,0,0.06,0.43,0,0,744,0,0.06,0.43,0,0,0,0,0,Cardium
100140405518W500,100/14-04-055-18W5/00,2022-06-01,2.1,15.4,0.1,0,0.07,0.51,0,0,720,0,0.07,0.51,0,0,0,0,0,Cardium
100140405518W500,100/14-04-055-18W5/00,2022-07-01,1.2,7.3,0,0,0.04,0.24,0,0,535,0,0.05,0.33,0,0,0,0,0,Cardium
100140405518W500,100/14-04-055-18W5/00,2022-08-01,1.5,19,0.4,0,0.05,0.61,0.01,0,480,0,0.08,0.95,0.02,0,0,0,0,Cardium
100140405518W500,100/14-04-055-18W5/00,2022-09-01,1,31.7,0.3,0,0.03,1.06,0.01,0,720,0,0.03,1.06,0.01,0,0,0,0,Cardium
100140405518W500,100/14-04-055-18W5/00,2022-10-01,1.1,23.5,0.1,0,0.04,0.76,0,0,744,0,0.04,0.76,0,0,0,0,0,Cardium
100140405518W500,100/14-04-055-18W5/00,2022-11-01,1.9,8.9,0.3,0,0.06,0.3,0.01,0,720,0,0.06,0.3,0.01,0,0,0,0,Cardium
100140405518W500,100/14-04-055-18W5/00,2022-12-01,1.8,6.6,0,0,0.06,0.21,0,0,648,0,0.07,0.24,0,0,0,0,0,Cardium
100140405518W500,100/14-04-055-18W5/00,2023-01-01,2.7,8.8,0.4,0,0.09,0.28,0.01,0,720,0,0.09,0.29,0.01,0,0,0,0,Cardium
100140405518W500,100/14-04-055-18W5/00,2023-02-01,1,11.4,0.4,0,0.04,0.41,0.01,0,504,0,0.05,0.54,0.02,0,0,0,0,Cardium
100140405518W500,100/14-04-055-18W5/00,2023-03-01,4,20.7,0.2,0,0.13,0.67,0.01,0,600,0,0.16,0.83,0.01,0,0,0,0,Cardium
100140405518W500,100/14-04-055-18W5/00,2023-04-01,1.7,31.9,0.4,0,0.06,1.06,0.01,0,720,0,0.06,1.06,0.01,0,0,0,0,Cardium
100140405518W500,100/14-04-055-18W5/00,2023-05-01,1.4,28.2,0,0,0.05,0.91,0,0,624,0,0.05,1.08,0,0,0,0,0,Cardium
100140405518W500,100/14-04-055-18W5/00,2023-06-01,3.2,11.5,0,0,0.11,0.38,0,0,216,0,0.36,1.28,0,0,0,0,0,Cardium
100140405518W500,100/14-04-055-18W5/00,2023-07-01,1.4,19.6,0.4,0,0.05,0.63,0.01,0,496,0,0.07,0.95,0.02,0,0,0,0,Cardium
100140405518W500,100/14-04-055-18W5/00,2023-08-01,0.9,51.2,0,0,0.03,1.65,0,0,744,0,0.03,1.65,0,0,0,0,0,Cardium
100140406021W502,100/14-04-060-21W5/02,2022-05-01,0,0.1,0,0,0,0,0,0,1,0,0,2.4,0,0,0,0,0,Gething
100140406021W502,100/14-04-060-21W5/02,2022-06-01,0,351.7,19.2,0,0,11.72,0.64,0,556,0,0,15.18,0.83,0,0,0,0,Gething
100140406021W502,100/14-04-060-21W5/02,2022-07-01,0,248.8,20.2,0,0,8.03,0.65,0,554,0,0,10.78,0.88,0,0,0,0,Gething
100140406021W502,100/14-04-060-21W5/02,2022-08-01,0,83.9,0,0,0,2.71,0,0,197,0,0,10.22,0,0,0,0,0,Gething
100140406021W502,100/14-04-060-21W5/02,2022-09-01,0,167.6,10,0,0,5.59,0.33,0,344,0,0,11.69,0.7,0,0,0,0,Gething
100140406021W502,100/14-04-060-21W5/02,2022-10-01,0,43.6,0,0,0,1.41,0,0,176,0,0,5.95,0,0,0,0,0,Gething
100140406021W502,100/14-04-060-21W5/02,2022-11-01,0,25.9,0,0,0,0.86,0,0,207,0,0,3,0,0,0,0,0,Gething
100140406021W502,100/14-04-060-21W5/02,2022-12-01,0,98.8,0,0,0,3.19,0,0,289,0,0,8.2,0,0,0,0,0,Gething
100140406021W502,100/14-04-060-21W5/02,2023-01-01,0,146.4,7.2,0,0,4.72,0.23,0,680,0,0,5.17,0.25,0,0,0,0,Gething
100140406021W502,100/14-04-060-21W5/02,2023-02-01,0,72.6,0,0,0,2.59,0,0,390,0,0,4.47,0,0,0,0,0,Gething
100140406021W502,100/14-04-060-21W5/02,2023-03-01,0,94.7,10.8,0,0,3.05,0.35,0,580,0,0,3.92,0.45,0,0,0,0,Gething
100140406021W502,100/14-04-060-21W5/02,2023-04-01,0,92.7,0,0,0,3.09,0,0,593,0,0,3.75,0,0,0,0,0,Gething
100140406021W502,100/14-04-060-21W5/02,2023-05-01,0,64.5,10.7,0,0,2.08,0.35,0,461,0,0,3.36,0.56,0,0,0,0,Gething
100140406021W502,100/14-04-060-21W5/02,2023-06-01,0,65.8,0,0,0,2.19,0,0,511,0,0,3.09,0,0,0,0,0,Gething
100140406021W502,100/14-04-060-21W5/02,2023-07-01,0,74.5,0,0,0,2.4,0,0,583,0,0,3.07,0,0,0,0,0,Gething
100140406021W502,100/14-04-060-21W5/02,2023-08-01,0,75.9,7.2,0,0,2.45,0.23,0,604,0,0,3.02,0.29,0,0,0,0,Gething
100140406021W502,100/14-04-060-21W5/02,2023-09-01,0,0,2.9,0,0,0,0.1,0,24,0,0,0,2.9,0,0,0,0,Gething
100140706022W500,100/14-07-060-22W5/00,2022-01-01,41.5,6.8,0.1,0,1.34,0.22,0,0,744,0,1.34,0.22,0,0,0,0,0,Cardium
100140706022W500,100/14-07-060-22W5/00,2022-02-01,39.4,6.5,0.1,0,1.41,0.23,0,0,672,0,1.41,0.23,0,0,0,0,0,Cardium
100140706022W500,100/14-07-060-22W5/00,2022-03-01,40.9,0.1,0.2,0,1.32,0,0.01,0,744,0,1.32,0,0.01,0,0,0,0,Cardium
100140706022W500,100/14-07-060-22W5/00,2022-04-01,37.3,6.1,0.2,0,1.24,0.2,0.01,0,720,0,1.24,0.2,0.01,0,0,0,0,Cardium
100140706022W500,100/14-07-060-22W5/00,2022-05-01,40.8,6.7,0.6,0,1.32,0.22,0.02,0,744,0,1.32,0.22,0.02,0,0,0,0,Cardium
100140706022W500,100/14-07-060-22W5/00,2022-06-01,35.1,6.4,0.4,0,1.17,0.21,0.01,0,720,0,1.17,0.21,0.01,0,0,0,0,Cardium
100140706022W500,100/14-07-060-22W5/00,2022-07-01,34.3,5.7,0.3,0,1.11,0.18,0.01,0,744,0,1.11,0.18,0.01,0,0,0,0,Cardium
100140706022W500,100/14-07-060-22W5/00,2022-08-01,33.2,5.6,0.3,0,1.07,0.18,0.01,0,744,0,1.07,0.18,0.01,0,0,0,0,Cardium
100140706022W500,100/14-07-060-22W5/00,2022-09-01,34.9,5.1,0,0,1.16,0.17,0,0,720,0,1.16,0.17,0,0,0,0,0,Cardium
100140706022W500,100/14-07-060-22W5/00,2022-10-01,38.4,6.4,0.5,0,1.24,0.21,0.02,0,744,0,1.24,0.21,0.02,0,0,0,0,Cardium
100140706022W500,100/14-07-060-22W5/00,2022-11-01,38.2,6.5,0,0,1.27,0.22,0,0,720,0,1.27,0.22,0,0,0,0,0,Cardium
100140706022W500,100/14-07-060-22W5/00,2022-12-01,38.5,6.6,2.4,0,1.24,0.21,0.08,0,744,0,1.24,0.21,0.08,0,0,0,0,Cardium
100140706022W500,100/14-07-060-22W5/00,2023-01-01,37.7,6.7,0,0,1.22,0.22,0,0,744,0,1.22,0.22,0,0,0,0,0,Cardium
100140706022W500,100/14-07-060-22W5/00,2023-02-01,29.7,5.2,0,0,1.06,0.19,0,0,672,0,1.06,0.19,0,0,0,0,0,Cardium
100140706022W500,100/14-07-060-22W5/00,2023-03-01,7.9,0,0,0,0.25,0,0,0,744,0,0.25,0,0,0,0,0,0,Cardium
100140706022W500,100/14-07-060-22W5/00,2023-04-01,15.2,2.3,0,0,0.51,0.08,0,0,720,0,0.51,0.08,0,0,0,0,0,Cardium
100140706022W500,100/14-07-060-22W5/00,2023-05-01,32.6,4.8,0.2,0,1.05,0.15,0.01,0,744,0,1.05,0.15,0.01,0,0,0,0,Cardium
100140706022W500,100/14-07-060-22W5/00,2023-06-01,46,7.4,0,0,1.53,0.25,0,0,720,0,1.53,0.25,0,0,0,0,0,Cardium
100140706022W500,100/14-07-060-22W5/00,2023-07-01,38,6.3,0,0,1.23,0.2,0,0,744,0,1.23,0.2,0,0,0,0,0,Cardium
100140706022W500,100/14-07-060-22W5/00,2023-08-01,40.4,6.6,0.2,0,1.3,0.21,0.01,0,744,0,1.3,0.21,0.01,0,0,0,0,Cardium
100140805518W500,100/14-08-055-18W5/00,2022-01-01,0,27.9,0,0,0,0.9,0,0,576,0,0,1.16,0,0,0,0,0,Cardium
100140805518W500,100/14-08-055-18W5/00,2022-02-01,0,30.7,0,0,0,1.1,0,0,573,0,0,1.29,0,0,0,0,0,Cardium
100140805518W500,100/14-08-055-18W5/00,2022-03-01,0,19.2,0,0,0,0.62,0,0,730,0,0,0.63,0,0,0,0,0,Cardium
100140805518W500,100/14-08-055-18W5/00,2022-04-01,0,6.7,0,0,0,0.22,0,0,720,0,0,0.22,0,0,0,0,0,Cardium
100140805518W500,100/14-08-055-18W5/00,2022-05-01,1.1,14.3,0.2,0,0.04,0.46,0.01,0,552,0,0.05,0.62,0.01,0,0,0,0,Cardium
100140805518W500,100/14-08-055-18W5/00,2022-06-01,2.5,15.2,0.1,0,0.08,0.51,0,0,720,0,0.08,0.51,0,0,0,0,0,Cardium
100140805518W500,100/14-08-055-18W5/00,2022-07-01,2.6,12.2,0,0,0.08,0.39,0,0,679,0,0.09,0.43,0,0,0,0,0,Cardium
100140805518W500,100/14-08-055-18W5/00,2022-08-01,0.9,22.7,0.2,0,0.03,0.73,0.01,0,720,0,0.03,0.76,0.01,0,0,0,0,Cardium
100140805518W500,100/14-08-055-18W5/00,2022-09-01,0.1,1.3,0,0,0,0.04,0,0,96,0,0.03,0.33,0,0,0,0,0,Cardium
100140805518W500,100/14-08-055-18W5/00,2022-11-01,3.9,16.5,1,0,0.13,0.55,0.03,0,408,0,0.23,0.97,0.06,0,0,0,0,Cardium
100140805518W500,100/14-08-055-18W5/00,2022-12-01,2.1,18.8,0.1,0,0.07,0.61,0,0,552,0,0.09,0.82,0,0,0,0,0,Cardium
100140805518W500,100/14-08-055-18W5/00,2023-02-01,2.1,20.8,0.6,0,0.08,0.74,0.02,0,528,0,0.1,0.95,0.03,0,0,0,0,Cardium
100140805518W500,100/14-08-055-18W5/00,2023-03-01,2.2,27.5,0.8,0,0.07,0.89,0.03,0,696,0,0.08,0.95,0.03,0,0,0,0,Cardium
100140805518W500,100/14-08-055-18W5/00,2023-04-01,2.9,28.4,0.7,0,0.1,0.95,0.02,0,720,0,0.1,0.95,0.02,0,0,0,0,Cardium
100140805518W500,100/14-08-055-18W5/00,2023-05-01,1.9,27.3,0.2,0,0.06,0.88,0.01,0,624,0,0.07,1.05,0.01,0,0,0,0,Cardium
100140805518W500,100/14-08-055-18W5/00,2023-06-01,0.3,10.6,0,0,0.01,0.35,0,0,216,0,0.03,1.18,0,0,0,0,0,Cardium
100140805518W500,100/14-08-055-18W5/00,2023-07-01,6.2,30.6,0.1,0,0.2,0.99,0,0,520,0,0.29,1.41,0,0,0,0,0,Cardium
100140805518W500,100/14-08-055-18W5/00,2023-08-01,3.4,48,0.6,0,0.11,1.55,0.02,0,744,0,0.11,1.55,0.02,0,0,0,0,Cardium
100143205514W500,100/14-32-055-14W5/00,2022-08-01,0,10.1,0.8,0,0,0.33,0.03,0,744,0,0,0.33,0.03,0,0,0,0,Mannville
100143205514W500,100/14-32-055-14W5/00,2022-09-01,0,272.1,0,0,0,9.07,0,0,720,0,0,9.07,0,0,0,0,0,Mannville
100143205514W500,100/14-32-055-14W5/00,2022-10-01,0,238.9,12.2,0,0,7.71,0.39,0,744,0,0,7.71,0.39,0,0,0,0,Mannville
100143205514W500,100/14-32-055-14W5/00,2022-11-01,0,143.2,0,0,0,4.77,0,0,720,0,0,4.77,0,0,0,0,0,Mannville
100143205514W500,100/14-32-055-14W5/00,2022-12-01,0,53.4,0,0,0,1.72,0,0,744,0,0,1.72,0,0,0,0,0,Mannville
100143205514W500,100/14-32-055-14W5/00,2023-01-01,0,152.7,0,0,0,4.93,0,0,744,0,0,4.93,0,0,0,0,0,Mannville
100143205514W500,100/14-32-055-14W5/00,2023-02-01,0,145.5,0,0,0,5.2,0,0,672,0,0,5.2,0,0,0,0,0,Mannville
100143205514W500,100/14-32-055-14W5/00,2023-03-01,0,126,0,0,0,4.06,0,0,744,0,0,4.06,0,0,0,0,0,Mannville
100143205514W500,100/14-32-055-14W5/00,2023-04-01,0,129.6,0,0,0,4.32,0,0,720,0,0,4.32,0,0,0,0,0,Mannville
100143205514W500,100/14-32-055-14W5/00,2023-05-01,0,64.2,0,0,0,2.07,0,0,744,0,0,2.07,0,0,0,0,0,Mannville
100143205514W500,100/14-32-055-14W5/00,2023-06-01,0,135,0,0,0,4.5,0,0,720,0,0,4.5,0,0,0,0,0,Mannville
100143205514W500,100/14-32-055-14W5/00,2023-07-01,0,22,0,0,0,0.71,0,0,744,0,0,0.71,0,0,0,0,0,Mannville
100151206023W500,100/15-12-060-23W5/00,2022-01-01,62.3,15.4,0,0,2.01,0.5,0,0,85,0,17.59,4.35,0,0,0,0,0,Cardium
100151206023W500,100/15-12-060-23W5/00,2022-02-01,52.8,13.1,0.1,0,1.89,0.47,0,0,90,0,14.08,3.49,0.03,0,0,0,0,Cardium
100151206023W500,100/15-12-060-23W5/00,2022-03-01,62.1,15.5,0,0,2,0.5,0,0,744,0,2,0.5,0,0,0,0,0,Cardium
100151206023W500,100/15-12-060-23W5/00,2022-04-01,53.7,15,0.6,0,1.79,0.5,0.02,0,73,0,17.65,4.93,0.2,0,0,0,0,Cardium
100151206023W500,100/15-12-060-23W5/00,2022-05-01,54.3,7.3,0.6,0,1.75,0.24,0.02,0,94,0,13.86,1.86,0.15,0,0,0,0,Cardium
100151206023W500,100/15-12-060-23W5/00,2022-06-01,52.9,7,0.5,0,1.76,0.23,0.02,0,83,0,15.3,2.02,0.14,0,0,0,0,Cardium
100151206023W500,100/15-12-060-23W5/00,2022-07-01,40.4,6.1,0.1,0,1.3,0.2,0,0,67,0,14.47,2.19,0.04,0,0,0,0,Cardium
100151206023W500,100/15-12-060-23W5/00,2022-08-01,44.2,5.9,0.8,0,1.43,0.19,0.03,0,61,0,17.39,2.32,0.31,0,0,0,0,Cardium
100151206023W500,100/15-12-060-23W5/00,2022-09-01,55.8,6.3,0,0,1.86,0.21,0,0,55,0,24.35,2.75,0,0,0,0,0,Cardium
100151206023W500,100/15-12-060-23W5/00,2022-10-01,27.6,4.1,0.4,0,0.89,0.13,0.01,0,31,0,21.37,3.17,0.31,0,0,0,0,Cardium
100151206023W500,100/15-12-060-23W5/00,2022-11-01,65.5,5.7,0,0,2.18,0.19,0,0,62,0,25.35,2.21,0,0,0,0,0,Cardium
100151206023W500,100/15-12-060-23W5/00,2022-12-01,39.8,18.4,0.7,0,1.28,0.59,0.02,0,84,0,11.37,5.26,0.2,0,0,0,0,Cardium
100151206023W500,100/15-12-060-23W5/00,2023-01-01,53.6,8.1,8.6,0,1.73,0.26,0.28,0,48,0,26.8,4.05,4.3,0,0,0,0,Cardium
100151206023W500,100/15-12-060-23W5/00,2023-02-01,50.8,13.6,0,0,1.81,0.49,0,0,32,0,38.1,10.2,0,0,0,0,0,Cardium
100151206023W500,100/15-12-060-23W5/00,2023-03-01,50.8,24.4,0,0,1.64,0.79,0,0,32,0,38.1,18.3,0,0,0,0,0,Cardium
100151206023W500,100/15-12-060-23W5/00,2023-04-01,44.2,6.4,0,0,1.47,0.21,0,0,32,0,33.15,4.8,0,0,0,0,0,Cardium
100151206023W500,100/15-12-060-23W5/00,2023-05-01,48.7,5.6,0,0,1.57,0.18,0,0,403,0,2.9,0.33,0,0,0,0,0,Cardium
100151206023W500,100/15-12-060-23W5/00,2023-06-01,53.1,4.9,0,0,1.77,0.16,0,0,40,0,31.86,2.94,0,0,0,0,0,Cardium
100151206023W500,100/15-12-060-23W5/00,2023-07-01,51.8,5.4,0,0,1.67,0.17,0,0,50,0,24.86,2.59,0,0,0,0,0,Cardium
100151206023W500,100/15-12-060-23W5/00,2023-08-01,52.3,5.8,1.2,0,1.69,0.19,0.04,0,76,0,16.52,1.83,0.38,0,0,0,0,Cardium
100152205216W500,100/15-22-052-16W5/00,2023-01-01,0,0.2,4.8,0,0,0.01,0.15,0,24,0,0,0.2,4.8,0,0,0,0,Cardium
100152205216W500,100/15-22-052-16W5/00,2023-02-01,0,0.2,0,0,0,0.01,0,0,1,0,0,4.8,0,0,0,0,0,Cardium
100152205216W500,100/15-22-052-16W5/00,2023-03-01,0,0.3,0,0,0,0.01,0,0,3,0,0,2.4,0,0,0,0,0,Cardium
100152805418W500,100/15-28-054-18W5/00,2022-02-01,0.1,2.3,0,0,0,0.08,0,0,333,0,0.01,0.17,0,0,0,0,0,Cardium
100152805418W500,100/15-28-054-18W5/00,2022-03-01,0.3,4.2,0,0,0.01,0.14,0,0,730,0,0.01,0.14,0,0,0,0,0,Cardium
100152805418W500,100/15-28-054-18W5/00,2022-04-01,0.3,3.7,0,0,0.01,0.12,0,0,720,0,0.01,0.12,0,0,0,0,0,Cardium
100152805418W500,100/15-28-054-18W5/00,2022-05-01,0.4,4,0,0,0.01,0.13,0,0,744,0,0.01,0.13,0,0,0,0,0,Cardium
100152805418W500,100/15-28-054-18W5/00,2022-07-01,0.4,12.3,0,0,0.01,0.4,0,0,607,0,0.02,0.49,0,0,0,0,0,Cardium
100152805418W500,100/15-28-054-18W5/00,2022-08-01,0.7,36.3,0,0,0.02,1.17,0,0,648,0,0.03,1.34,0,0,0,0,0,Cardium
100152805418W500,100/15-28-054-18W5/00,2022-09-01,1,63.7,0,0,0.03,2.12,0,0,720,0,0.03,2.12,0,0,0,0,0,Cardium
100152805418W500,100/15-28-054-18W5/00,2022-10-01,1.2,35.8,0,0,0.04,1.15,0,0,744,0,0.04,1.15,0,0,0,0,0,Cardium
100152805418W500,100/15-28-054-18W5/00,2022-11-01,3.5,22.6,0,0,0.12,0.75,0,0,720,0,0.12,0.75,0,0,0,0,0,Cardium
100152805418W500,100/15-28-054-18W5/00,2022-12-01,3.1,22.7,0,0,0.1,0.73,0,0,552,0,0.13,0.99,0,0,0,0,0,Cardium
100152805418W500,100/15-28-054-18W5/00,2023-01-01,3.8,22.9,0.1,0,0.12,0.74,0,0,528,0,0.17,1.04,0,0,0,0,0,Cardium
100152805418W500,100/15-28-054-18W5/00,2023-02-01,3.1,17.2,0.2,0,0.11,0.61,0.01,0,576,0,0.13,0.72,0.01,0,0,0,0,Cardium
100152805418W500,100/15-28-054-18W5/00,2023-03-01,2.8,20,0.3,0,0.09,0.65,0.01,0,672,0,0.1,0.71,0.01,0,0,0,0,Cardium
100152805418W500,100/15-28-054-18W5/00,2023-04-01,0.5,21.3,0.3,0,0.02,0.71,0.01,0,720,0,0.02,0.71,0.01,0,0,0,0,Cardium
100152805418W500,100/15-28-054-18W5/00,2023-05-01,0.5,13.9,0.1,0,0.02,0.45,0,0,624,0,0.02,0.53,0,0,0,0,0,Cardium
100152805418W500,100/15-28-054-18W5/00,2023-06-01,0.1,3.4,0,0,0,0.11,0,0,216,0,0.01,0.38,0,0,0,0,0,Cardium
100152805418W500,100/15-28-054-18W5/00,2023-07-01,0.3,9.8,0,0,0.01,0.32,0,0,520,0,0.01,0.45,0,0,0,0,0,Cardium
100152805418W500,100/15-28-054-18W5/00,2023-08-01,0.3,25.6,0.2,0,0.01,0.83,0.01,0,744,0,0.01,0.83,0.01,0,0,0,0,Cardium
100152805418W500,100/15-28-054-18W5/00,2023-09-01,0,0,0.6,0,0,0,0.02,0,24,0,0,0,0.6,0,0,0,0,Cardium
100153205418W500,100/15-32-054-18W5/00,2022-03-01,0.3,15.1,0,0,0.01,0.49,0,0,730,0,0.01,0.5,0,0,0,0,0,Cardium
100153205418W500,100/15-32-054-18W5/00,2022-04-01,0.2,28.3,0,0,0.01,0.94,0,0,720,0,0.01,0.94,0,0,0,0,0,Cardium
100153205418W500,100/15-32-054-18W5/00,2022-05-01,0,45.4,0,0,0,1.46,0,0,744,0,0,1.46,0,0,0,0,0,Cardium
100153205418W500,100/15-32-054-18W5/00,2022-06-01,0.2,45.5,0,0,0.01,1.52,0,0,720,0,0.01,1.52,0,0,0,0,0,Cardium
100153205418W500,100/15-32-054-18W5/00,2022-07-01,0,13.5,0,0,0,0.44,0,0,439,0,0,0.74,0,0,0,0,0,Cardium
100153205418W500,100/15-32-054-18W5/00,2022-09-01,3.9,35.8,0.1,0,0.13,1.19,0,0,480,0,0.2,1.79,0.01,0,0,0,0,Cardium
100153205418W500,100/15-32-054-18W5/00,2022-10-01,4.2,34.4,0,0,0.14,1.11,0,0,744,0,0.14,1.11,0,0,0,0,0,Cardium
100153205418W500,100/15-32-054-18W5/00,2022-11-01,1.9,14.1,0,0,0.06,0.47,0,0,720,0,0.06,0.47,0,0,0,0,0,Cardium
100153205418W500,100/15-32-054-18W5/00,2022-12-01,1.7,3.8,0,0,0.05,0.12,0,0,600,0,0.07,0.15,0,0,0,0,0,Cardium
100153205418W500,100/15-32-054-18W5/00,2023-01-01,3.2,12.9,0,0,0.1,0.42,0,0,600,0,0.13,0.52,0,0,0,0,0,Cardium
100153205418W500,100/15-32-054-18W5/00,2023-02-01,2.7,38.2,0.2,0,0.1,1.36,0.01,0,504,0,0.13,1.82,0.01,0,0,0,0,Cardium
100153205418W500,100/15-32-054-18W5/00,2023-03-01,2,38.1,0.3,0,0.06,1.23,0.01,0,504,0,0.1,1.81,0.01,0,0,0,0,Cardium
100153205418W500,100/15-32-054-18W5/00,2023-04-01,0.7,28.2,0,0,0.02,0.94,0,0,720,0,0.02,0.94,0,0,0,0,0,Cardium
100153205418W500,100/15-32-054-18W5/00,2023-05-01,0.9,18.7,0,0,0.03,0.6,0,0,624,0,0.03,0.72,0,0,0,0,0,Cardium
100153205418W500,100/15-32-054-18W5/00,2023-06-01,0.3,6.1,0,0,0.01,0.2,0,0,216,0,0.03,0.68,0,0,0,0,0,Cardium
100153205418W500,100/15-32-054-18W5/00,2023-07-01,0.5,11.4,0,0,0.02,0.37,0,0,520,0,0.02,0.53,0,0,0,0,0,Cardium
100153205418W500,100/15-32-054-18W5/00,2023-08-01,0.3,27.3,0.7,0,0.01,0.88,0.02,0,744,0,0.01,0.88,0.02,0,0,0,0,Cardium
100160505518W500,100/16-05-055-18W5/00,2022-02-01,1,5.8,0.1,0,0.04,0.21,0,0,309,0,0.08,0.45,0.01,0,0,0,0,Cardium
100160505518W500,100/16-05-055-18W5/00,2022-03-01,0.8,4.2,0,0,0.03,0.14,0,0,370,0,0.05,0.27,0,0,0,0,0,Cardium
100160505518W500,100/16-05-055-18W5/00,2022-05-01,2,5.9,0,0,0.06,0.19,0,0,552,0,0.09,0.26,0,0,0,0,0,Cardium
100160505518W500,100/16-05-055-18W5/00,2022-06-01,2.1,8.7,0,0,0.07,0.29,0,0,720,0,0.07,0.29,0,0,0,0,0,Cardium
100160505518W500,100/16-05-055-18W5/00,2022-07-01,0.5,14.8,0,0,0.02,0.48,0,0,439,0,0.03,0.81,0,0,0,0,0,Cardium
100160505518W500,100/16-05-055-18W5/00,2022-08-01,1.6,60.2,0.8,0,0.05,1.94,0.03,0,672,0,0.06,2.15,0.03,0,0,0,0,Cardium
100160505518W500,100/16-05-055-18W5/00,2022-09-01,1.4,39.1,1.7,0,0.05,1.3,0.06,0,720,0,0.05,1.3,0.06,0,0,0,0,Cardium
100160505518W500,100/16-05-055-18W5/00,2022-10-01,1.9,28.7,1.7,0,0.06,0.93,0.05,0,744,0,0.06,0.93,0.05,0,0,0,0,Cardium
100160505518W500,100/16-05-055-18W5/00,2022-11-01,3.6,31.2,0.4,0,0.12,1.04,0.01,0,720,0,0.12,1.04,0.01,0,0,0,0,Cardium
100160505518W500,100/16-05-055-18W5/00,2022-12-01,0.9,8.7,0,0,0.03,0.28,0,0,192,0,0.11,1.09,0,0,0,0,0,Cardium
100160505518W500,100/16-05-055-18W5/00,2023-01-01,3.7,28.3,0.2,0,0.12,0.91,0.01,0,528,0,0.17,1.29,0.01,0,0,0,0,Cardium
100160505518W500,100/16-05-055-18W5/00,2023-02-01,3,28.7,0.2,0,0.11,1.03,0.01,0,552,0,0.13,1.25,0.01,0,0,0,0,Cardium
100160505518W500,100/16-05-055-18W5/00,2023-03-01,2.4,29.9,0.2,0,0.08,0.96,0.01,0,576,0,0.1,1.25,0.01,0,0,0,0,Cardium
100160505518W500,100/16-05-055-18W5/00,2023-04-01,0.4,27.1,0,0,0.01,0.9,0,0,720,0,0.01,0.9,0,0,0,0,0,Cardium
100160505518W500,100/16-05-055-18W5/00,2023-05-01,2.1,32.3,0.1,0,0.07,1.04,0,0,624,0,0.08,1.24,0,0,0,0,0,Cardium
100160505518W500,100/16-05-055-18W5/00,2023-06-01,0.7,5,0,0,0.02,0.17,0,0,216,0,0.08,0.56,0,0,0,0,0,Cardium
100160505518W500,100/16-05-055-18W5/00,2023-07-01,0.9,13.3,0,0,0.03,0.43,0,0,520,0,0.04,0.61,0,0,0,0,0,Cardium
100160505518W500,100/16-05-055-18W5/00,2023-08-01,0.4,30.7,0,0,0.01,0.99,0,0,744,0,0.01,0.99,0,0,0,0,0,Cardium
100161805518W500,100/16-18-055-18W5/00,2022-01-01,1.1,1.7,0,0,0.04,0.05,0,0,384,0,0.07,0.11,0,0,0,0,0,Cardium
100161805518W500,100/16-18-055-18W5/00,2022-02-01,1.6,1.1,0.1,0,0.06,0.04,0,0,429,0,0.09,0.06,0.01,0,0,0,0,Cardium
100161805518W500,100/16-18-055-18W5/00,2022-03-01,2.9,24.8,0.3,0,0.09,0.8,0.01,0,730,0,0.1,0.82,0.01,0,0,0,0,Cardium
100161805518W500,100/16-18-055-18W5/00,2022-04-01,7.2,55,0.6,0,0.24,1.83,0.02,0,720,0,0.24,1.83,0.02,0,0,0,0,Cardium
100161805518W500,100/16-18-055-18W5/00,2022-05-01,5.7,20.2,0.2,0,0.18,0.65,0.01,0,744,0,0.18,0.65,0.01,0,0,0,0,Cardium
100161805518W500,100/16-18-055-18W5/00,2022-06-01,0.7,1.6,0,0,0.02,0.05,0,0,96,0,0.18,0.4,0,0,0,0,0,Cardium
100161805518W500,100/16-18-055-18W5/00,2022-07-01,1.4,11.3,0.8,0,0.05,0.36,0.03,0,487,0,0.07,0.56,0.04,0,0,0,0,Cardium
100161805518W500,100/16-18-055-18W5/00,2022-08-01,0.5,31.2,0,0,0.02,1.01,0,0,744,0,0.02,1.01,0,0,0,0,0,Cardium
100161805518W500,100/16-18-055-18W5/00,2022-09-01,2.2,29.9,0.1,0,0.07,1,0,0,720,0,0.07,1,0,0,0,0,0,Cardium
100161805518W500,100/16-18-055-18W5/00,2022-10-01,1.7,19.6,0.1,0,0.05,0.63,0,0,744,0,0.05,0.63,0,0,0,0,0,Cardium
100161805518W500,100/16-18-055-18W5/00,2022-11-01,0.4,26.2,0,0,0.01,0.87,0,0,696,0,0.01,0.9,0,0,0,0,0,Cardium
100161805518W500,100/16-18-055-18W5/00,2022-12-01,0.3,18.7,0,0,0.01,0.6,0,0,600,0,0.01,0.75,0,0,0,0,0,Cardium
100161805518W500,100/16-18-055-18W5/00,2023-01-01,0.5,25,0,0,0.02,0.81,0,0,672,0,0.02,0.89,0,0,0,0,0,Cardium
100161805518W500,100/16-18-055-18W5/00,2023-02-01,0.4,24.2,0,0,0.01,0.86,0,0,672,0,0.01,0.86,0,0,0,0,0,Cardium
100161805518W500,100/16-18-055-18W5/00,2023-03-01,0.2,22.4,0,0,0.01,0.72,0,0,624,0,0.01,0.86,0,0,0,0,0,Cardium
100161805518W500,100/16-18-055-18W5/00,2023-04-01,0.3,22.9,0,0,0.01,0.76,0,0,720,0,0.01,0.76,0,0,0,0,0,Cardium
100161805518W500,100/16-18-055-18W5/00,2023-05-01,0.3,14.7,0.2,0,0.01,0.47,0.01,0,624,0,0.01,0.57,0.01,0,0,0,0,Cardium
100161805518W500,100/16-18-055-18W5/00,2023-06-01,0.1,4.7,0,0,0,0.16,0,0,216,0,0.01,0.52,0,0,0,0,0,Cardium
100161805518W500,100/16-18-055-18W5/00,2023-07-01,0.9,13.9,0,0,0.03,0.45,0,0,520,0,0.04,0.64,0,0,0,0,0,Cardium
100161805518W500,100/16-18-055-18W5/00,2023-08-01,1.6,44.5,0,0,0.05,1.44,0,0,744,0,0.05,1.44,0,0,0,0,0,Cardium
100161905320W500,100/16-19-053-20W5/00,2022-01-01,0,359.9,24,0,0,11.61,0.77,0,744,0,0,11.61,0.77,0,0,0,0,Cardium
100161905320W500,100/16-19-053-20W5/00,2022-02-01,0,310.7,23.4,0,0,11.1,0.84,0,672,0,0,11.1,0.84,0,0,0,0,Cardium
100161905320W500,100/16-19-053-20W5/00,2022-03-01,0,322.1,39.6,0,0,10.39,1.28,0,744,0,0,10.39,1.28,0,0,0,0,Cardium
100161905320W500,100/16-19-053-20W5/00,2022-04-01,0,277.4,0.5,0,0,9.25,0.02,0,720,0,0,9.25,0.02,0,0,0,0,Cardium
100161905320W500,100/16-19-053-20W5/00,2022-05-01,0,277.1,11.6,0,0,8.94,0.37,0,744,0,0,8.94,0.37,0,0,0,0,Cardium
100161905320W500,100/16-19-053-20W5/00,2022-06-01,0,257.9,4.2,0,0,8.6,0.14,0,720,0,0,8.6,0.14,0,0,0,0,Cardium
100161905320W500,100/16-19-053-20W5/00,2022-07-01,0,48.7,1,0,0,1.57,0.03,0,168,0,0,6.96,0.14,0,0,0,0,Cardium
100161905320W500,100/16-19-053-20W5/00,2022-08-01,0,0.2,0,0,0,0.01,0,0,48,0,0,0.1,0,0,0,0,0,Cardium
100161905320W500,100/16-19-053-20W5/00,2022-09-01,0,217.5,4.4,0,0,7.25,0.15,0,456,0,0,11.45,0.23,0,0,0,0,Cardium
100161905320W500,100/16-19-053-20W5/00,2022-10-01,0,288.1,9.3,0,0,9.29,0.3,0,720,0,0,9.6,0.31,0,0,0,0,Cardium
100161905320W500,100/16-19-053-20W5/00,2022-11-01,0,270.1,6.1,0,0,9,0.2,0,720,0,0,9,0.2,0,0,0,0,Cardium
100161905320W500,100/16-19-053-20W5/00,2022-12-01,0,240.5,7.1,0,0,7.76,0.23,0,696,0,0,8.29,0.24,0,0,0,0,Cardium
100161905320W500,100/16-19-053-20W5/00,2023-01-01,0,250,9.5,0,0,8.06,0.31,0,744,0,0,8.06,0.31,0,0,0,0,Cardium
100161905320W500,100/16-19-053-20W5/00,2023-02-01,0,200.7,3.2,0,0,7.17,0.11,0,672,0,0,7.17,0.11,0,0,0,0,Cardium
100161905320W500,100/16-19-053-20W5/00,2023-03-01,0,223,8.7,0,0,7.19,0.28,0,744,0,0,7.19,0.28,0,0,0,0,Cardium
100161905320W500,100/16-19-053-20W5/00,2023-04-01,0,202.7,3.8,0,0,6.76,0.13,0,720,0,0,6.76,0.13,0,0,0,0,Cardium
100161905320W500,100/16-19-053-20W5/00,2023-05-01,0,218.6,5.7,0,0,7.05,0.18,0,744,0,0,7.05,0.18,0,0,0,0,Cardium
100161905320W500,100/16-19-053-20W5/00,2023-06-01,0,205.1,3.3,0,0,6.84,0.11,0,720,0,0,6.84,0.11,0,0,0,0,Cardium
100161905320W500,100/16-19-053-20W5/00,2023-07-01,0,205.1,5.4,0,0,6.62,0.17,0,744,0,0,6.62,0.17,0,0,0,0,Cardium
100161905320W500,100/16-19-053-20W5/00,2023-08-01,0,198.7,3.2,0,0,6.41,0.1,0,744,0,0,6.41,0.1,0,0,0,0,Cardium
100161905320W500,100/16-19-053-20W5/00,2023-09-01,0,88.1,8.8,0,0,2.94,0.29,0,720,0,0,2.94,0.29,0,0,0,0,Cardium
100161905320W500,100/16-19-053-20W5/00,2023-10-01,0,227.1,2.8,0,0,7.33,0.09,0,744,0,0,7.33,0.09,0,0,0,0,Cardium
100161905320W500,100/16-19-053-20W5/00,2023-11-01,0,194.2,15.3,0,0,6.47,0.51,0,720,0,0,6.47,0.51,0,0,0,0,Cardium
100161905320W500,100/16-19-053-20W5/00,2023-12-01,0,44.6,2.1,0,0,1.44,0.07,0,744,0,0,1.44,0.07,0,0,0,0,Cardium
100163105619W502,100/16-31-056-19W5/02,2022-01-01,0,4.6,0,0,0,0.15,0,0,89,0,0,1.24,0,0,0,0,0,"Lea Park, Cardium"
100163105619W502,100/16-31-056-19W5/02,2022-03-01,0,3.6,0,0,0,0.12,0,0,6,0,0,14.4,0,0,0,0,0,"Lea Park, Cardium"
100163105619W502,100/16-31-056-19W5/02,2022-04-01,0,28.7,0,0,0,0.96,0,0,106,0,0,6.5,0,0,0,0,0,"Lea Park, Cardium"
100163105619W502,100/16-31-056-19W5/02,2022-05-01,3.4,25.5,1.1,0,0.11,0.82,0.04,0,82,0,1,7.46,0.32,0,0,0,0,"Lea Park, Cardium"
100163105619W502,100/16-31-056-19W5/02,2022-06-01,0,27,0,0,0,0.9,0,0,55,0,0,11.78,0,0,0,0,0,"Lea Park, Cardium"
100163105619W502,100/16-31-056-19W5/02,2022-07-01,0,36.2,0,0,0,1.17,0,0,70,0,0,12.41,0,0,0,0,0,"Lea Park, Cardium"
100163105619W502,100/16-31-056-19W5/02,2022-08-01,4.9,35.8,1.6,0,0.16,1.15,0.05,0,74,0,1.59,11.61,0.52,0,0,0,0,"Lea Park, Cardium"
100163105619W502,100/16-31-056-19W5/02,2022-09-01,0.9,35.9,0.2,0,0.03,1.2,0.01,0,80,0,0.27,10.77,0.06,0,0,0,0,"Lea Park, Cardium"
100163105619W502,100/16-31-056-19W5/02,2022-10-01,0.5,23.6,0.2,0,0.02,0.76,0.01,0,41,0,0.29,13.81,0.12,0,0,0,0,"Lea Park, Cardium"
100163105619W502,100/16-31-056-19W5/02,2022-11-01,0,29,0,0,0,0.97,0,0,92,0,0,7.57,0,0,0,0,0,"Lea Park, Cardium"
100163105619W502,100/16-31-056-19W5/02,2022-12-01,0,11,0,0,0,0.35,0,0,26,0,0,10.15,0,0,0,0,0,"Lea Park, Cardium"
100163105619W502,100/16-31-056-19W5/02,2023-01-01,0,8.2,0,0,0,0.26,0,0,52,0,0,3.78,0,0,0,0,0,"Lea Park, Cardium"
100163105619W502,100/16-31-056-19W5/02,2023-02-01,0,6.6,0,0,0,0.24,0,0,67,0,0,2.36,0,0,0,0,0,"Lea Park, Cardium"
100163105619W502,100/16-31-056-19W5/02,2023-03-01,1.4,11.7,0.5,0,0.05,0.38,0.02,0,96,0,0.35,2.93,0.13,0,0,0,0,"Lea Park, Cardium"
100163105619W502,100/16-31-056-19W5/02,2023-04-01,0.1,9,0,0,0,0.3,0,0,42,0,0.06,5.14,0,0,0,0,0,"Lea Park, Cardium"
100163105619W502,100/16-31-056-19W5/02,2023-05-01,0,10.1,0,0,0,0.33,0,0,360,0,0,0.67,0,0,0,0,0,"Lea Park, Cardium"
100163105619W502,100/16-31-056-19W5/02,2023-06-01,0,6.2,0,0,0,0.21,0,0,336,0,0,0.44,0,0,0,0,0,"Lea Park, Cardium"
100163105619W502,100/16-31-056-19W5/02,2023-07-01,0,26.2,0,0,0,0.85,0,0,336,0,0,1.87,0,0,0,0,0,"Lea Park, Cardium"
102022006419W500,102/02-20-064-19W5/00,2022-01-01,0,436.8,0,0,0,14.09,0,0,716,0,0,14.64,0,0,0,0,0,"Notikewin, Upper Mannville"
102022006419W500,102/02-20-064-19W5/00,2022-02-01,0,42.7,0,0,0,1.53,0,0,187,0,0,5.48,0,0,0,0,0,"Notikewin, Upper Mannville"
102022006419W500,102/02-20-064-19W5/00,2022-03-01,0,159.5,0,0,0,5.15,0,0,356,0,0,10.75,0,0,0,0,0,"Notikewin, Upper Mannville"
102022006419W500,102/02-20-064-19W5/00,2022-04-01,0,12,0,0,0,0.4,0,0,136,0,0,2.12,0,0,0,0,0,"Notikewin, Upper Mannville"
102022006419W500,102/02-20-064-19W5/00,2022-05-01,0,77,0,0,0,2.48,0,0,189,0,0,9.78,0,0,0,0,0,"Notikewin, Upper Mannville"
102022006419W500,102/02-20-064-19W5/00,2022-06-01,0,359.4,0,0,0,11.98,0,0,711,0,0,12.13,0,0,0,0,0,"Notikewin, Upper Mannville"
102022006419W500,102/02-20-064-19W5/00,2022-07-01,0,55,0,0,0,1.77,0,0,247,0,0,5.34,0,0,0,0,0,"Notikewin, Upper Mannville"
102022006419W500,102/02-20-064-19W5/00,2022-08-01,0,109,0,0,0,3.52,0,0,275,0,0,9.51,0,0,0,0,0,"Notikewin, Upper Mannville"
102022006419W500,102/02-20-064-19W5/00,2022-09-01,0,201.1,0,0,0,6.7,0,0,457,0,0,10.56,0,0,0,0,0,"Notikewin, Upper Mannville"
102022006419W500,102/02-20-064-19W5/00,2022-10-01,0,108.7,0,0,0,3.51,0,0,335,0,0,7.79,0,0,0,0,0,"Notikewin, Upper Mannville"
102022006419W500,102/02-20-064-19W5/00,2022-11-01,0,1.7,0,0,0,0.06,0,0,13,0,0,3.14,0,0,0,0,0,"Notikewin, Upper Mannville"
102022006419W500,102/02-20-064-19W5/00,2023-01-01,0,311,0,0,0,10.03,0,0,628,0,0,11.89,0,0,0,0,0,"Notikewin, Upper Mannville"
102022006419W500,102/02-20-064-19W5/00,2023-02-01,0,21.6,0,0,0,0.77,0,0,190,0,0,2.73,0,0,0,0,0,"Notikewin, Upper Mannville"
102022006419W500,102/02-20-064-19W5/00,2023-03-01,0,193.1,0,0,0,6.23,0,0,373,0,0,12.42,0,0,0,0,0,"Notikewin, Upper Mannville"
102022006419W500,102/02-20-064-19W5/00,2023-04-01,0,16.9,0,0,0,0.56,0,0,96,0,0,4.23,0,0,0,0,0,"Notikewin, Upper Mannville"
102062105217W500,102/06-21-052-17W5/00,2022-01-01,0,38.4,0,0,0,1.24,0,0,200,0,0,4.61,0,0,0,0,0,Bluesky
102062105217W500,102/06-21-052-17W5/00,2022-02-01,0,11.7,0,0,0,0.42,0,0,100,0,0,2.81,0,0,0,0,0,Bluesky
102062105217W500,102/06-21-052-17W5/00,2022-03-01,0,46.4,0,0,0,1.5,0,0,223,0,0,4.99,0,0,0,0,0,Bluesky
102062105217W500,102/06-21-052-17W5/00,2022-04-01,0,62.6,0,0,0,2.09,0,0,225,0,0,6.68,0,0,0,0,0,Bluesky
102062105217W500,102/06-21-052-17W5/00,2022-05-01,0,64.9,0,0,0,2.09,0,0,225,0,0,6.92,0,0,0,0,0,Bluesky
102062105217W500,102/06-21-052-17W5/00,2022-06-01,0,84.4,0,0,0,2.81,0,0,353,0,0,5.74,0,0,0,0,0,Bluesky
102062105217W500,102/06-21-052-17W5/00,2022-07-01,0,88.3,0,0,0,2.85,0,0,366,0,0,5.79,0,0,0,0,0,Bluesky
102062105217W500,102/06-21-052-17W5/00,2022-08-01,0,86.1,0,0,0,2.78,0,0,375,0,0,5.51,0,0,0,0,0,Bluesky
102062105217W500,102/06-21-052-17W5/00,2022-09-01,0,63.1,0,0,0,2.1,0,0,259,0,0,5.85,0,0,0,0,0,Bluesky
102062105217W500,102/06-21-052-17W5/00,2022-10-01,0,31.5,0,0,0,1.02,0,0,94,0,0,8.04,0,0,0,0,0,Bluesky
102062105217W500,102/06-21-052-17W5/00,2022-11-01,0,76.5,0,0,0,2.55,0,0,360,0,0,5.1,0,0,0,0,0,Bluesky
102062105217W500,102/06-21-052-17W5/00,2022-12-01,0,67.4,0,0,0,2.17,0,0,333,0,0,4.86,0,0,0,0,0,Bluesky
102062105217W500,102/06-21-052-17W5/00,2023-01-01,0,63.7,0,0,0,2.05,0,0,281,0,0,5.44,0,0,0,0,0,Bluesky
102062105217W500,102/06-21-052-17W5/00,2023-02-01,0,71.4,0,0,0,2.55,0,0,334,0,0,5.13,0,0,0,0,0,Bluesky
102062105217W500,102/06-21-052-17W5/00,2023-03-01,0,11.4,0,0,0,0.37,0,0,58,0,0,4.72,0,0,0,0,0,Bluesky
102062105217W500,102/06-21-052-17W5/00,2023-05-01,0,27.3,0,0,0,0.88,0,0,192,0,0,3.41,0,0,0,0,0,Bluesky
102062105217W500,102/06-21-052-17W5/00,2023-06-01,0,41.3,0,0,0,1.38,0,0,384,0,0,2.58,0,0,0,0,0,Bluesky
102062105217W500,102/06-21-052-17W5/00,2023-07-01,0,59.1,0,0,0,1.91,0,0,384,0,0,3.69,0,0,0,0,0,Bluesky
102062105217W500,102/06-21-052-17W5/00,2023-08-01,0,70.3,0,0,0,2.27,0,0,249,0,0,6.78,0,0,0,0,0,Bluesky
